{"stats":{"minecraft:picked_up":{"minecraft:birch_log":5,"minecraft:iron_chestplate":1,"minecraft:feather":2,"iceandfire:sea_serpent_fang":5,"minecraft:cooked_beef":28,"iceandfire:witherbone":3,"minecraft:chicken":1,"minecraft:leather":4,"minecraft:oak_log":1,"peru_mod:onion":8,"minecraft:string":7,"minecraft:dirt":116,"iceandfire:sea_serpent_scales_teal":2,"minecraft:bone":29,"minecraft:stone_bricks":4,"minecraft:kelp":4,"minecraft:bow":1,"minecraft:cracked_stone_bricks":1,"minecraft:iron_ingot":1,"minecraft:oak_boat":5,"minecraft:oak_planks":7,"minecraft:tipped_arrow":3,"iceandfire:pixie_dust":1,"minecraft:torch":8,"minecraft:gravel":1,"minecraft:porkchop":4,"minecraft:spider_eye":1,"minecraft:mossy_cobblestone":1,"minecraft:dark_oak_planks":6,"minecraft:arrow":22,"minecraft:rotten_flesh":10,"minecraft:bread":35,"peru_mod:papaya":2,"minecraft:oak_sapling":1,"minecraft:coal":2,"minecraft:iron_bars":3,"minecraft:cobblestone":4},"minecraft:crafted":{"minecraft:oak_planks":4,"minecraft:dark_oak_boat":1,"minecraft:cooked_chicken":1,"iceandfire:tide_bronze_chestplate":1,"minecraft:birch_planks":12,"minecraft:air":0,"minecraft:stick":8,"minecraft:iron_shovel":1,"minecraft:birch_door":3,"minecraft:white_bed":1,"minecraft:torch":4},"minecraft:custom":{"minecraft:interact_with_furnace":3,"minecraft:mob_kills":47,"minecraft:play_one_minute":106077,"minecraft:leave_game":11,"minecraft:time_since_death":5571,"minecraft:sleep_in_bed":6,"minecraft:climb_one_cm":182,"minecraft:time_since_rest":5599,"minecraft:sprint_one_cm":202106,"minecraft:damage_taken":2967,"minecraft:walk_one_cm":197924,"minecraft:damage_blocked_by_shield":300,"minecraft:drop":20,"minecraft:damage_dealt":8036,"minecraft:swim_one_cm":55113,"minecraft:talked_to_villager":8,"minecraft:fly_one_cm":257628,"minecraft:open_chest":24,"minecraft:crouch_one_cm":2064,"minecraft:deaths":2,"minecraft:sneak_time":969,"minecraft:walk_under_water_one_cm":18694,"minecraft:boat_one_cm":366598,"minecraft:interact_with_lectern":1,"minecraft:jump":1425,"minecraft:interact_with_brewingstand":1,"minecraft:interact_with_blast_furnace":2,"minecraft:walk_on_water_one_cm":22663,"minecraft:interact_with_smoker":5,"minecraft:fall_one_cm":33176},"minecraft:used":{"minecraft:cooked_mutton":14,"minecraft:iron_shovel":105,"minecraft:birch_planks":4,"minecraft:oak_planks":4,"minecraft:baked_potato":9,"peru_mod:onion":8,"minecraft:shield":7,"minecraft:iron_sword":148,"simpletomb:grave_key":2,"minecraft:cracked_stone_bricks":1,"minecraft:torch":58,"minecraft:dirt":110,"minecraft:white_bed":1,"minecraft:birch_door":1,"minecraft:bread":4,"minecraft:iron_axe":24,"minecraft:suspicious_stew":1,"minecraft:iron_pickaxe":59,"peru_mod:papaya":2,"minecraft:stone_bricks":111,"minecraft:bow":12,"minecraft:potion":2,"travelersbackpack:standard":6,"minecraft:oak_sapling":1,"minecraft:cooked_rabbit":4,"iceandfire:pixie_jar_1":1,"minecraft:oak_boat":6},"minecraft:mined":{"minecraft:dark_oak_planks":6,"minecraft:mossy_cobblestone":3,"minecraft:kelp_plant":1,"minecraft:torch":4,"minecraft:grass_block":6,"minecraft:tall_grass":1,"minecraft:kelp":2,"minecraft:oak_planks":3,"minecraft:wall_torch":2,"minecraft:spawner":7,"minecraft:seagrass":1,"minecraft:birch_log":5,"peru_mod:onionplant":2,"peru_mod:amazonleaves":1,"minecraft:stone_brick_stairs":1,"peru_mod:papaya_bunch":1,"minecraft:grass":3,"peru_mod:junglepodzol":6,"minecraft:oak_log":1,"minecraft:iron_bars":3,"minecraft:gravel":1,"minecraft:dirt":105,"minecraft:packed_ice":31,"minecraft:cracked_stone_bricks":1,"minecraft:stone":4,"minecraft:stone_bricks":6,"minecraft:mossy_stone_bricks":1,"minecraft:oak_leaves":19,"peru_mod:jungledirt":2},"minecraft:killed":{"iceandfire:hippogryph":1,"minecraft:pig":2,"minecraft:spider":5,"minecraft:skeleton":15,"minecraft:zombie":8,"minecraft:chicken":1,"minecraft:stray":3,"minecraft:silverfish":3,"minecraft:wither_skeleton":7,"iceandfire:sea_serpent":1},"minecraft:broken":{"minecraft:iron_shovel":1},"minecraft:killed_by":{"minecraft:stray":1,"iceandfire:hippogryph":1},"minecraft:dropped":{"minecraft:gravel":1,"minecraft:iron_ingot":1,"minecraft:kelp":4,"peru_mod:onion":6,"minecraft:glass_bottle":1,"minecraft:mossy_cobblestone":1,"minecraft:bowl":1,"minecraft:suspicious_stew":1,"minecraft:dirt":2,"minecraft:tipped_arrow":3,"minecraft:shield":1,"minecraft:iron_chestplate":2,"minecraft:oak_boat":1,"minecraft:spider_eye":1,"minecraft:stone_bricks":1,"minecraft:arrow":2,"minecraft:dark_oak_planks":1}},"DataVersion":2586}