{"stats":{"minecraft:picked_up":{"minecraft:birch_log":5,"minecraft:iron_chestplate":1,"minecraft:cooked_beef":28,"minecraft:chicken":1,"minecraft:oak_log":1,"peru_mod:onion":8,"minecraft:string":4,"minecraft:dirt":114,"minecraft:bone":17,"minecraft:stone_bricks":4,"minecraft:cracked_stone_bricks":1,"minecraft:oak_boat":3,"minecraft:oak_planks":7,"minecraft:tipped_arrow":1,"iceandfire:pixie_dust":1,"minecraft:torch":7,"minecraft:porkchop":1,"minecraft:arrow":15,"minecraft:rotten_flesh":7,"peru_mod:papaya":2,"minecraft:oak_sapling":1,"minecraft:cobblestone":4},"minecraft:crafted":{"minecraft:oak_planks":4,"minecraft:cooked_chicken":1,"minecraft:birch_planks":4,"minecraft:air":0,"minecraft:stick":8,"minecraft:iron_shovel":1,"minecraft:white_bed":1},"minecraft:custom":{"minecraft:interact_with_furnace":3,"minecraft:mob_kills":23,"minecraft:play_one_minute":64077,"minecraft:leave_game":11,"minecraft:time_since_death":64077,"minecraft:sleep_in_bed":4,"minecraft:climb_one_cm":182,"minecraft:time_since_rest":16155,"minecraft:sprint_one_cm":132570,"minecraft:damage_taken":1440,"minecraft:walk_one_cm":136509,"minecraft:damage_blocked_by_shield":90,"minecraft:drop":2,"minecraft:damage_dealt":3971,"minecraft:swim_one_cm":3402,"minecraft:talked_to_villager":8,"minecraft:fly_one_cm":168875,"minecraft:open_chest":16,"minecraft:crouch_one_cm":1141,"minecraft:sneak_time":516,"minecraft:walk_under_water_one_cm":1042,"minecraft:boat_one_cm":104908,"minecraft:interact_with_lectern":1,"minecraft:jump":889,"minecraft:interact_with_brewingstand":1,"minecraft:interact_with_blast_furnace":2,"minecraft:walk_on_water_one_cm":4443,"minecraft:interact_with_smoker":5,"minecraft:fall_one_cm":16349},"minecraft:mined":{"minecraft:torch":4,"minecraft:grass_block":6,"minecraft:tall_grass":1,"minecraft:oak_planks":3,"minecraft:wall_torch":2,"minecraft:spawner":4,"minecraft:birch_log":5,"peru_mod:onionplant":2,"peru_mod:amazonleaves":1,"peru_mod:papaya_bunch":1,"minecraft:grass":3,"peru_mod:junglepodzol":6,"minecraft:oak_log":1,"minecraft:dirt":103,"minecraft:cracked_stone_bricks":1,"minecraft:stone":4,"minecraft:stone_bricks":5,"minecraft:mossy_stone_bricks":1,"minecraft:oak_leaves":19,"peru_mod:jungledirt":2},"minecraft:used":{"minecraft:cooked_mutton":6,"minecraft:iron_shovel":102,"minecraft:birch_planks":4,"minecraft:oak_planks":4,"minecraft:baked_potato":9,"peru_mod:onion":8,"minecraft:shield":2,"minecraft:iron_sword":67,"minecraft:cracked_stone_bricks":1,"minecraft:torch":47,"minecraft:dirt":71,"minecraft:white_bed":1,"minecraft:iron_axe":12,"minecraft:iron_pickaxe":16,"peru_mod:papaya":2,"minecraft:stone_bricks":111,"travelersbackpack:standard":3,"minecraft:oak_sapling":1,"minecraft:cooked_rabbit":4,"iceandfire:pixie_jar_1":1,"minecraft:oak_boat":3},"minecraft:killed":{"minecraft:pig":1,"minecraft:spider":3,"minecraft:skeleton":12,"minecraft:zombie":4,"minecraft:chicken":1,"minecraft:stray":1},"minecraft:broken":{"minecraft:iron_shovel":1},"minecraft:dropped":{"peru_mod:onion":6,"minecraft:arrow":2}},"DataVersion":2586}