{"stats":{"minecraft:broken":{"minecraft:iron_shovel":1,"minecraft:iron_helmet":1},"minecraft:dropped":{"minecraft:gravel":1,"minecraft:iron_ingot":1,"minecraft:kelp":7,"peru_mod:onion":6,"minecraft:tnt":2,"minecraft:mossy_cobblestone":1,"minecraft:glass_bottle":1,"minecraft:bowl":2,"minecraft:feather":1,"iceandfire:ectoplasm":4,"minecraft:suspicious_stew":1,"minecraft:flint":1,"minecraft:dirt":2,"minecraft:tipped_arrow":3,"minecraft:shield":1,"minecraft:iron_chestplate":2,"minecraft:birch_door":2,"minecraft:oak_boat":1,"minecraft:stone_bricks":1,"minecraft:spider_eye":1,"minecraft:arrow":2,"minecraft:string":13,"minecraft:dark_oak_planks":1},"minecraft:killed_by":{"minecraft:stray":1,"iceandfire:sea_serpent":1,"iceandfire:hippogryph":1},"minecraft:custom":{"minecraft:interact_with_furnace":3,"minecraft:mob_kills":71,"minecraft:play_one_minute":139942,"minecraft:leave_game":12,"minecraft:time_since_death":13576,"minecraft:sleep_in_bed":8,"minecraft:climb_one_cm":182,"minecraft:time_since_rest":13431,"minecraft:sprint_one_cm":242992,"minecraft:damage_taken":3849,"minecraft:walk_one_cm":229272,"minecraft:damage_blocked_by_shield":510,"minecraft:trigger_trapped_chest":2,"minecraft:drop":29,"minecraft:damage_dealt":14552,"minecraft:swim_one_cm":138519,"minecraft:fly_one_cm":330999,"minecraft:talked_to_villager":8,"minecraft:open_chest":34,"minecraft:crouch_one_cm":4626,"minecraft:deaths":3,"minecraft:sneak_time":1784,"minecraft:walk_under_water_one_cm":74646,"minecraft:boat_one_cm":669123,"minecraft:interact_with_lectern":1,"minecraft:jump":1815,"minecraft:interact_with_brewingstand":1,"minecraft:interact_with_blast_furnace":2,"minecraft:walk_on_water_one_cm":41967,"minecraft:interact_with_smoker":5,"minecraft:fall_one_cm":41483},"minecraft:killed":{"iceandfire:hippocampus":5,"iceandfire:hippogryph":3,"minecraft:pig":2,"minecraft:spider":6,"minecraft:skeleton":18,"iceandfire:ghost":2,"minecraft:zombie":13,"minecraft:chicken":1,"minecraft:stray":3,"minecraft:silverfish":3,"minecraft:wither_skeleton":7,"minecraft:cow":4,"iceandfire:sea_serpent":2},"minecraft:picked_up":{"minecraft:birch_log":5,"minecraft:iron_chestplate":1,"iceandfire:witherbone":3,"minecraft:feather":5,"minecraft:cooked_beef":28,"iceandfire:sea_serpent_fang":11,"minecraft:chicken":1,"minecraft:leather":10,"minecraft:dark_oak_boat":2,"minecraft:oak_log":1,"peru_mod:onion":8,"minecraft:dirt":116,"minecraft:string":7,"iceandfire:sea_serpent_scales_teal":2,"minecraft:bone":33,"iceandfire:sea_serpent_scales_bronze":5,"minecraft:stone_bricks":4,"minecraft:bow":2,"minecraft:kelp":7,"minecraft:cracked_stone_bricks":1,"minecraft:beef":7,"minecraft:iron_ingot":1,"minecraft:oak_boat":5,"minecraft:mossy_stone_bricks":1,"minecraft:oak_planks":7,"minecraft:tipped_arrow":3,"iceandfire:pixie_dust":1,"minecraft:torch":9,"iceandfire:shiny_scales":11,"minecraft:gravel":1,"minecraft:porkchop":4,"minecraft:spider_eye":1,"minecraft:mossy_cobblestone":1,"minecraft:dark_oak_planks":6,"minecraft:arrow":24,"minecraft:rotten_flesh":15,"minecraft:bread":35,"peru_mod:papaya":2,"minecraft:oak_sapling":1,"minecraft:iron_bars":4,"minecraft:coal":2,"minecraft:cobblestone":8},"minecraft:mined":{"minecraft:dark_oak_planks":6,"minecraft:mossy_cobblestone":3,"minecraft:kelp_plant":4,"minecraft:torch":4,"minecraft:grass_block":6,"minecraft:tall_grass":2,"minecraft:oak_planks":3,"minecraft:kelp":3,"minecraft:wall_torch":3,"minecraft:red_stained_glass_pane":2,"minecraft:spawner":11,"minecraft:seagrass":1,"minecraft:white_terracotta":1,"minecraft:tall_seagrass":4,"minecraft:birch_log":5,"peru_mod:onionplant":2,"peru_mod:amazonleaves":1,"minecraft:bookshelf":2,"minecraft:stone_brick_stairs":1,"peru_mod:papaya_bunch":1,"minecraft:grass":3,"peru_mod:junglepodzol":6,"minecraft:vine":1,"minecraft:oak_log":1,"minecraft:iron_bars":4,"minecraft:gravel":1,"minecraft:dirt":105,"minecraft:packed_ice":31,"minecraft:cracked_stone_bricks":1,"minecraft:stone":5,"minecraft:stone_bricks":6,"minecraft:mossy_stone_bricks":2,"minecraft:oak_leaves":19,"peru_mod:jungledirt":2},"minecraft:crafted":{"minecraft:oak_planks":4,"minecraft:arrow":16,"minecraft:dark_oak_boat":1,"minecraft:cooked_chicken":1,"iceandfire:tide_bronze_chestplate":1,"minecraft:birch_planks":12,"iceandfire:tide_bronze_boots":1,"minecraft:air":0,"minecraft:stick":12,"minecraft:iron_shovel":1,"minecraft:white_bed":1,"minecraft:birch_door":3,"minecraft:torch":16},"minecraft:used":{"minecraft:cooked_mutton":14,"iceandfire:silver_sword":21,"minecraft:iron_shovel":105,"minecraft:birch_planks":4,"minecraft:baked_potato":9,"minecraft:oak_planks":4,"peru_mod:onion":8,"minecraft:shield":11,"minecraft:iron_sword":199,"minecraft:cracked_stone_bricks":1,"simpletomb:grave_key":3,"minecraft:torch":69,"minecraft:dirt":110,"minecraft:white_bed":1,"minecraft:birch_door":1,"minecraft:iron_axe":55,"minecraft:bread":13,"minecraft:iron_pickaxe":68,"minecraft:suspicious_stew":2,"peru_mod:papaya":2,"minecraft:cobblestone":57,"minecraft:stone_bricks":111,"minecraft:potion":2,"minecraft:bow":19,"minecraft:dark_oak_boat":3,"travelersbackpack:standard":7,"minecraft:oak_sapling":1,"minecraft:cooked_rabbit":4,"iceandfire:pixie_jar_1":1,"minecraft:oak_boat":6}},"DataVersion":2586}