{"stats":{"minecraft:crafted":{"minecraft:oak_planks":300,"minecraft:smooth_stone":3,"minecraft:stone":3,"minecraft:bookshelf":16,"minecraft:cooked_mutton":18,"minecraft:glass":80,"minecraft:iron_boots":2,"minecraft:chest":2,"minecraft:stone_hoe":1,"minecraft:smoker":1,"travelersbackpack:iron_tier_upgrade":1,"minecraft:cooked_porkchop":22,"minecraft:crafting_table":2,"travelersbackpack:standard":2,"minecraft:wooden_pickaxe":1,"minecraft:baked_potato":10,"minecraft:iron_helmet":2,"minecraft:smithing_table":1,"minecraft:birch_planks":24,"minecraft:iron_chestplate":2,"minecraft:shield":1,"minecraft:stick":32,"minecraft:iron_ingot":88,"minecraft:iron_pickaxe":1,"minecraft:stone_sword":1,"minecraft:oak_door":3,"minecraft:furnace":4,"minecraft:blast_furnace":1,"minecraft:bone_meal":51,"travelersbackpack:blank_upgrade":4,"travelersbackpack:gold_tier_upgrade":1,"travelersbackpack:white_sleeping_bag":1,"minecraft:iron_axe":3,"minecraft:iron_hoe":1,"minecraft:stone_pickaxe":1,"minecraft:dark_oak_planks":12,"minecraft:wheat":549,"minecraft:cooked_beef":40,"travelersbackpack:backpack_tank":5,"minecraft:iron_sword":1,"minecraft:golden_shovel":1,"minecraft:bucket":1,"minecraft:stone_axe":1,"minecraft:bread":186,"minecraft:acacia_boat":1,"minecraft:air":0,"minecraft:oak_boat":4,"minecraft:white_wool":4,"minecraft:wooden_axe":1,"minecraft:iron_shovel":2,"minecraft:iron_leggings":2,"minecraft:white_bed":1,"minecraft:acacia_planks":24,"minecraft:torch":8},"minecraft:mined":{"minecraft:white_bed":5,"iceandfire:copper_pile":4,"peru_mod:iricolor":1,"minecraft:brewing_stand":1,"minecraft:granite":2,"minecraft:acacia_log":8,"minecraft:grass_block":508,"iceandfire:lectern":2,"minecraft:composter":17,"minecraft:oxeye_daisy":1,"minecraft:spawner":18,"minecraft:iron_ore":93,"minecraft:enchanting_table":1,"minecraft:iron_bars":12,"minecraft:kelp_plant":3,"minecraft:smoker":1,"minecraft:orange_terracotta":2,"iceandfire:myrmex_desert_resin_glass":1,"minecraft:torch":13,"minecraft:blast_furnace":1,"minecraft:poppy":3,"minecraft:white_stained_glass_pane":2,"minecraft:dead_bush":2,"iceandfire:fire_lily":2,"minecraft:cobblestone":18,"minecraft:grindstone":4,"minecraft:sugar_cane":41,"minecraft:oak_planks":344,"minecraft:bricks":1,"minecraft:wall_torch":10,"minecraft:birch_log":6,"minecraft:wheat":8,"minecraft:orange_tulip":3,"minecraft:stone_brick_stairs":1,"minecraft:yellow_stained_glass_pane":1,"minecraft:grass":134,"minecraft:oak_log":76,"minecraft:sand":80,"minecraft:dirt":267,"minecraft:oak_leaves":10,"iceandfire:lightning_lily":1,"minecraft:mossy_cobblestone":1,"minecraft:oak_door":6,"minecraft:sandstone":7,"minecraft:hay_block":64,"minecraft:furnace":2,"minecraft:acacia_wood":2,"minecraft:andesite":1,"minecraft:gold_block":1,"minecraft:bookshelf":24,"minecraft:stone":204,"minecraft:white_tulip":1,"iceandfire:pixie_jar_empty":3,"minecraft:smithing_table":1,"minecraft:dandelion":2,"peru_mod:puya_stem":1,"minecraft:crafting_table":8,"peru_mod:dirtyrock":8,"minecraft:rose_bush":2,"minecraft:tall_grass":11,"iceandfire:pixie_jar_0":1,"minecraft:birch_planks":4,"peru_mod:onionplant":9,"minecraft:birch_leaves":33,"minecraft:grass_path":10,"minecraft:coal_ore":61,"minecraft:gravel":1,"minecraft:cobweb":51,"minecraft:cracked_stone_bricks":4,"minecraft:acacia_planks":1,"minecraft:stone_bricks":369},"minecraft:picked_up":{"minecraft:wooden_axe":1,"minecraft:wheat":51,"minecraft:smithing_table":1,"minecraft:lead":2,"minecraft:potion":1,"minecraft:enchanted_book":1,"minecraft:golden_shovel":1,"minecraft:brewing_stand":2,"peru_mod:onion":8,"iceandfire:manuscript":11,"minecraft:string":97,"iceandfire:sea_serpent_scales_bronze":16,"minecraft:gold_nugget":7,"minecraft:white_tulip":1,"minecraft:rose_bush":3,"minecraft:iron_pickaxe":1,"minecraft:furnace":2,"iceandfire:pixie_dust":2,"minecraft:tipped_arrow":3,"minecraft:golden_helmet":2,"minecraft:stick":10,"minecraft:composter":17,"minecraft:oak_fence":2,"minecraft:acacia_log":12,"minecraft:torch":43,"minecraft:porkchop":22,"minecraft:golden_axe":2,"iceandfire:lightning_lily":1,"minecraft:rotten_flesh":50,"minecraft:tropical_fish":1,"minecraft:red_tulip":1,"minecraft:leather_horse_armor":1,"minecraft:obsidian":5,"minecraft:iron_bars":9,"minecraft:cod":1,"minecraft:cobblestone":235,"peru_mod:iricolor":1,"minecraft:birch_log":9,"minecraft:enchanting_table":1,"minecraft:feather":6,"minecraft:andesite":3,"minecraft:smoker":1,"minecraft:flint":4,"minecraft:acacia_boat":1,"minecraft:dirt":842,"minecraft:bone":18,"minecraft:acacia_planks":12,"minecraft:bow":1,"minecraft:orange_tulip":1,"minecraft:wheat_seeds":66,"minecraft:grindstone":3,"minecraft:oak_planks":358,"iceandfire:shiny_scales":20,"minecraft:sand":80,"iceandfire:stymphalian_bird_feather":35,"minecraft:ink_sac":3,"iceandfire:lectern":3,"minecraft:granite":1,"iceandfire:seaserpent_skull":2,"minecraft:bread":3,"minecraft:oak_sapling":1,"minecraft:bricks":1,"iceandfire:copper_ingot":5,"iceandfire:dragon_skull_lightning":2,"iceandfire:cockatrice_eye":1,"minecraft:crafting_table":9,"iceandfire:witherbone":1,"minecraft:golden_pickaxe":3,"iceandfire:fire_lily":2,"minecraft:gold_block":1,"minecraft:shield":1,"minecraft:cornflower":6,"minecraft:compass":1,"minecraft:cracked_stone_bricks":2,"iceandfire:bestiary":2,"minecraft:beef":58,"minecraft:oak_boat":15,"minecraft:poppy":14,"minecraft:sugar_cane":90,"minecraft:birch_sapling":2,"minecraft:egg":2,"minecraft:sandstone":7,"iceandfire:dragonbone":51,"minecraft:oak_door":6,"minecraft:bowl":3,"iceandfire:deathworm_chitin_white":4,"minecraft:redstone":4,"minecraft:prismarine_crystals":7,"iceandfire:pixie_jar_0":2,"minecraft:arrow":18,"iceandfire:cyclops_eye":1,"minecraft:hay_block":66,"minecraft:gold_ingot":12,"minecraft:mutton":18,"minecraft:white_wool":15,"minecraft:oxeye_daisy":18,"iceandfire:sea_serpent_fang":2,"minecraft:leather":55,"iceandfire:myrmex_desert_resin_glass":1,"minecraft:red_mushroom":1,"minecraft:acacia_wood":2,"minecraft:birch_planks":2,"minecraft:oak_log":76,"minecraft:chainmail_chestplate":1,"iceandfire:pixie_jar_1":1,"minecraft:gunpowder":18,"minecraft:cobblestone_stairs":1,"minecraft:paper":5,"minecraft:orange_terracotta":2,"minecraft:birch_pressure_plate":1,"iceandfire:pixie_jar_empty":5,"minecraft:stone_bricks":425,"minecraft:kelp":28,"minecraft:cobweb":1,"minecraft:iron_ingot":19,"minecraft:stone_pickaxe":2,"minecraft:cooked_chicken":2,"minecraft:iron_ore":95,"minecraft:stripped_oak_wood":1,"minecraft:glass_bottle":1,"minecraft:book":72,"iceandfire:copper_nugget":34,"minecraft:dandelion":2,"minecraft:gravel":1,"minecraft:birch_stairs":2,"minecraft:blast_furnace":1,"minecraft:white_bed":6,"minecraft:spider_eye":9,"minecraft:leather_helmet":2,"travelersbackpack:standard":1,"minecraft:stone_axe":1,"minecraft:chainmail_leggings":1,"minecraft:black_wool":1,"minecraft:coal":110,"minecraft:ender_pearl":1},"minecraft:broken":{"minecraft:golden_helmet":1,"minecraft:iron_shovel":1,"minecraft:iron_boots":1,"minecraft:iron_chestplate":1,"minecraft:golden_shovel":2,"minecraft:iron_leggings":1,"minecraft:stone_pickaxe":1,"minecraft:golden_sword":1,"minecraft:stone_axe":2,"minecraft:iron_sword":1,"minecraft:golden_axe":1,"minecraft:iron_axe":2,"minecraft:iron_pickaxe":1,"minecraft:iron_helmet":1,"minecraft:golden_pickaxe":1},"minecraft:custom":{"minecraft:animals_bred":2,"minecraft:interact_with_crafting_table":45,"minecraft:eat_cake_slice":16,"minecraft:leave_game":32,"minecraft:time_since_death":69822,"minecraft:sprint_one_cm":747592,"minecraft:damage_blocked_by_shield":1840,"minecraft:drop":70,"minecraft:talked_to_villager":94,"minecraft:deaths":69,"minecraft:jump":6673,"minecraft:interact_with_brewingstand":1,"minecraft:walk_on_water_one_cm":145699,"minecraft:enchant_item":1,"minecraft:interact_with_furnace":48,"minecraft:interact_with_cartography_table":2,"minecraft:play_one_minute":501306,"minecraft:sleep_in_bed":32,"minecraft:damage_dealt":25594,"minecraft:crouch_one_cm":10640,"minecraft:interact_with_smoker":20,"minecraft:horse_one_cm":462,"minecraft:interact_with_smithing_table":5,"minecraft:mob_kills":148,"minecraft:interact_with_anvil":3,"minecraft:climb_one_cm":3435,"minecraft:walk_one_cm":1180501,"minecraft:sneak_time":5402,"minecraft:walk_under_water_one_cm":137363,"minecraft:boat_one_cm":449592,"minecraft:interact_with_lectern":12,"minecraft:interact_with_blast_furnace":21,"minecraft:time_since_rest":12395,"minecraft:damage_taken":2147483647,"minecraft:trigger_trapped_chest":1,"minecraft:swim_one_cm":192663,"minecraft:fly_one_cm":1470627,"minecraft:open_chest":84,"minecraft:fall_one_cm":150482},"minecraft:killed":{"minecraft:cave_spider":26,"minecraft:witch":1,"minecraft:spider":9,"iceandfire:stymphalian_bird":4,"minecraft:skeleton":15,"minecraft:pig":9,"minecraft:zombie_villager":2,"minecraft:creeper":1,"iceandfire:cockatrice":1,"minecraft:sheep":12,"minecraft:zombie":28,"minecraft:stray":3,"iceandfire:sea_serpent":1,"minecraft:cow":21,"iceandfire:siren":2,"iceandfire:deathworm":1,"iceandfire:cyclops":1,"minecraft:bat":1,"iceandfire:ghost":1,"peru_mod:ancient_spirit":1,"minecraft:enderman":1},"minecraft:used":{"iceandfire:lectern":2,"minecraft:iron_shovel":693,"minecraft:shield":267,"minecraft:iron_sword":256,"minecraft:birch_pressure_plate":1,"minecraft:carrot":5,"minecraft:glass":39,"minecraft:birch_sapling":1,"minecraft:stone_bricks":259,"minecraft:golden_sword":16,"minecraft:furnace":4,"minecraft:oak_planks":476,"minecraft:stone_pickaxe":125,"minecraft:wooden_pickaxe":10,"minecraft:sandstone":7,"minecraft:composter":17,"minecraft:sugar_cane":29,"minecraft:white_wool":4,"minecraft:blast_furnace":2,"iceandfire:pixie_jar_0":2,"minecraft:bread":88,"minecraft:gravel":1,"minecraft:stripped_oak_wood":1,"minecraft:grindstone":3,"minecraft:smithing_table":1,"minecraft:andesite":1,"minecraft:oak_boat":17,"minecraft:bone_meal":15,"minecraft:golden_pickaxe":25,"minecraft:experience_bottle":1,"minecraft:oak_fence":2,"minecraft:iron_bars":6,"minecraft:stone_sword":7,"minecraft:enchanting_table":1,"minecraft:tropical_fish":1,"minecraft:stone_hoe":4,"simpletomb:grave_key":58,"minecraft:oak_door":8,"minecraft:torch":67,"minecraft:dirt":682,"minecraft:anvil":3,"iceandfire:pixie_dust":1,"minecraft:golden_shovel":66,"minecraft:granite":1,"iceandfire:myrmex_desert_resin_glass":1,"minecraft:iron_hoe":61,"minecraft:dark_oak_planks":12,"minecraft:wooden_axe":20,"minecraft:bookshelf":16,"minecraft:iron_axe":466,"minecraft:cooked_beef":18,"minecraft:acacia_planks":1,"minecraft:orange_terracotta":1,"minecraft:golden_axe":21,"minecraft:wheat_seeds":9,"minecraft:cooked_mutton":4,"minecraft:acacia_boat":2,"minecraft:water_bucket":36,"minecraft:birch_planks":8,"minecraft:baked_potato":8,"minecraft:cracked_stone_bricks":2,"minecraft:crafting_table":10,"minecraft:white_bed":6,"minecraft:smoker":2,"minecraft:oak_log":1,"minecraft:black_wool":1,"minecraft:oxeye_daisy":4,"minecraft:iron_pickaxe":694,"minecraft:map":2,"iceandfire:seaserpent_skull":1,"minecraft:stone_axe":210,"minecraft:cobblestone":90,"minecraft:potion":3,"travelersbackpack:standard":23,"minecraft:bucket":36},"minecraft:dropped":{"minecraft:birch_planks":1,"minecraft:orange_tulip":1,"minecraft:leather_helmet":2,"minecraft:red_mushroom":1,"iceandfire:copper_ingot":5,"minecraft:dirt":55,"iceandfire:pixie_jar_empty":1,"minecraft:cornflower":5,"minecraft:gold_nugget":7,"minecraft:iron_pickaxe":1,"minecraft:birch_log":2,"minecraft:birch_stairs":2,"iceandfire:stymphalian_bird_feather":15,"minecraft:white_tulip":1,"minecraft:compass":1,"minecraft:rotten_flesh":13,"minecraft:oak_planks":7,"minecraft:chainmail_chestplate":1,"minecraft:gunpowder":9,"iceandfire:bestiary":1,"minecraft:arrow":8,"minecraft:wheat_seeds":40,"minecraft:prismarine_crystals":7,"minecraft:book":30,"peru_mod:iricolor":1,"minecraft:stick":8,"minecraft:oxeye_daisy":14,"minecraft:cobweb":1,"iceandfire:copper_nugget":1,"minecraft:leather_horse_armor":1,"minecraft:wooden_axe":1,"minecraft:rose_bush":3,"minecraft:string":5,"minecraft:acacia_planks":12,"minecraft:dandelion":2,"minecraft:kelp":28,"minecraft:filled_map":2,"minecraft:shield":1,"minecraft:oak_sapling":1,"minecraft:spider_eye":3,"minecraft:stone_bricks":58,"minecraft:bow":1,"minecraft:wooden_pickaxe":1,"minecraft:red_tulip":1},"minecraft:killed_by":{"iceandfire:cyclops":4,"iceandfire:siren":1,"minecraft:drowned":1,"iceandfire:stymphalian_bird":2,"iceandfire:sea_serpent":47,"minecraft:cave_spider":5,"minecraft:zombie":3,"iceandfire:deathworm":3,"iceandfire:gorgon":1}},"DataVersion":2586}