{"stats":{"minecraft:crafted":{"minecraft:oak_planks":4,"iceandfire:dragonbone_axe":1,"minecraft:dark_oak_boat":1,"minecraft:cooked_chicken":1,"iceandfire:tide_bronze_boots":1,"minecraft:birch_door":3,"minecraft:arrow":16,"minecraft:iron_helmet":1,"iceandfire:tide_bronze_chestplate":1,"minecraft:birch_planks":12,"minecraft:air":0,"iceandfire:tide_teal_helmet":1,"iceandfire:tide_teal_leggings":1,"minecraft:stick":12,"minecraft:gold_ingot":9,"minecraft:iron_leggings":1,"minecraft:iron_shovel":1,"minecraft:white_bed":1,"peru_mod:arrozconpollo":1,"minecraft:torch":16},"minecraft:broken":{"minecraft:iron_shovel":1,"minecraft:iron_boots":1,"minecraft:iron_leggings":1,"minecraft:iron_sword":1,"minecraft:iron_helmet":1},"minecraft:killed":{"iceandfire:hippogryph":3,"minecraft:spider":8,"minecraft:skeleton":20,"iceandfire:siren":1,"minecraft:chicken":1,"minecraft:silverfish":3,"minecraft:drowned":11,"iceandfire:hippocampus":5,"minecraft:pig":2,"minecraft:zombie":13,"iceandfire:ghost":2,"minecraft:stray":3,"minecraft:wither_skeleton":10,"iceandfire:sea_serpent":3,"minecraft:cow":6},"minecraft:dropped":{"minecraft:iron_ingot":1,"peru_mod:onion":6,"minecraft:tnt":2,"minecraft:mossy_cobblestone":1,"minecraft:glass_bottle":1,"minecraft:prismarine_shard":2,"minecraft:feather":1,"minecraft:iron_helmet":1,"minecraft:prismarine_crystals":1,"iceandfire:ectoplasm":4,"minecraft:flint":1,"minecraft:dirt":2,"minecraft:iron_leggings":1,"minecraft:sand":7,"peru_mod:arrozconpollo":1,"minecraft:string":15,"minecraft:dark_oak_planks":1,"minecraft:gravel":1,"minecraft:kelp":7,"minecraft:golden_chestplate":1,"minecraft:bowl":5,"minecraft:suspicious_stew":1,"minecraft:tipped_arrow":3,"minecraft:shield":1,"minecraft:iron_chestplate":2,"minecraft:andesite":4,"minecraft:oak_boat":1,"minecraft:birch_door":2,"minecraft:spider_eye":1,"minecraft:stone_bricks":1,"minecraft:arrow":2,"minecraft:nautilus_shell":1},"minecraft:picked_up":{"minecraft:iron_chestplate":1,"iceandfire:witherbone":3,"minecraft:chicken":1,"minecraft:prismarine_shard":4,"minecraft:stone_brick_stairs":1,"peru_mod:onion":12,"minecraft:cornflower":1,"minecraft:string":9,"iceandfire:sea_serpent_scales_teal":10,"iceandfire:sea_serpent_scales_bronze":5,"minecraft:cracked_stone_bricks":1,"minecraft:beef":11,"minecraft:oak_boat":5,"minecraft:tipped_arrow":3,"iceandfire:pixie_dust":3,"iceandfire:dragonbone":9,"minecraft:sandstone":9,"minecraft:oak_fence":1,"minecraft:torch":10,"peru_mod:rice":3,"minecraft:porkchop":4,"minecraft:diorite":3,"minecraft:golden_chestplate":2,"minecraft:prismarine_crystals":1,"minecraft:dark_oak_planks":6,"iceandfire:dragon_skull_ice":1,"minecraft:arrow":29,"minecraft:rotten_flesh":27,"minecraft:pink_tulip":1,"minecraft:iron_bars":4,"minecraft:snowball":5,"minecraft:rail":3,"minecraft:cobblestone":17,"minecraft:nautilus_shell":1,"minecraft:birch_log":5,"minecraft:feather":5,"minecraft:cooked_beef":28,"iceandfire:sea_serpent_fang":17,"minecraft:andesite":4,"minecraft:leather":11,"minecraft:dark_oak_boat":2,"minecraft:oak_log":1,"minecraft:dirt":187,"minecraft:orange_terracotta":1,"minecraft:bone":39,"minecraft:stone_bricks":8,"minecraft:kelp":7,"minecraft:bow":2,"minecraft:iron_ingot":1,"minecraft:mossy_stone_bricks":3,"minecraft:oak_planks":7,"peru_mod:arrozconpollo":1,"minecraft:gravel":1,"iceandfire:shiny_scales":21,"minecraft:sand":19,"minecraft:spider_eye":1,"minecraft:mossy_cobblestone":1,"travelersbackpack:standard":1,"minecraft:mossy_cobblestone_stairs":2,"minecraft:bread":35,"peru_mod:papaya":2,"minecraft:oak_sapling":1,"minecraft:coal":3},"minecraft:custom":{"minecraft:mob_kills":96,"minecraft:leave_game":16,"minecraft:time_since_death":28319,"minecraft:climb_one_cm":182,"minecraft:sprint_one_cm":387379,"minecraft:walk_one_cm":338539,"minecraft:damage_blocked_by_shield":510,"minecraft:drop":43,"minecraft:talked_to_villager":8,"minecraft:sneak_time":3102,"minecraft:deaths":6,"minecraft:walk_under_water_one_cm":164093,"minecraft:boat_one_cm":1025445,"minecraft:interact_with_lectern":1,"minecraft:jump":2833,"minecraft:interact_with_brewingstand":1,"minecraft:interact_with_blast_furnace":3,"minecraft:walk_on_water_one_cm":80158,"minecraft:enchant_item":1,"minecraft:interact_with_furnace":3,"minecraft:play_one_minute":220295,"minecraft:sleep_in_bed":13,"minecraft:time_since_rest":8370,"minecraft:damage_taken":5544,"minecraft:trigger_trapped_chest":2,"minecraft:damage_dealt":19982,"minecraft:swim_one_cm":343688,"minecraft:fly_one_cm":573347,"minecraft:crouch_one_cm":6057,"minecraft:open_chest":59,"minecraft:interact_with_smoker":6,"minecraft:fall_one_cm":71688},"minecraft:killed_by":{"minecraft:stray":1,"minecraft:creeper":1,"minecraft:drowned":1,"iceandfire:sea_serpent":1,"iceandfire:hippogryph":1},"minecraft:used":{"minecraft:oak_fence":1,"minecraft:iron_shovel":204,"iceandfire:silver_sword":53,"iceandfire:dragon_skull_ice":1,"minecraft:shield":11,"minecraft:iron_sword":229,"simpletomb:grave_key":6,"minecraft:torch":71,"minecraft:dirt":179,"iceandfire:dragonbone_axe":9,"minecraft:mossy_cobblestone_stairs":2,"minecraft:birch_door":1,"minecraft:iron_axe":63,"minecraft:stone_bricks":115,"minecraft:bow":25,"minecraft:dark_oak_boat":3,"minecraft:cooked_cod":4,"minecraft:oak_sapling":1,"iceandfire:pixie_jar_1":1,"minecraft:orange_terracotta":1,"minecraft:cooked_mutton":14,"minecraft:pink_tulip":1,"minecraft:birch_planks":4,"minecraft:baked_potato":9,"minecraft:oak_planks":4,"peru_mod:onion":12,"minecraft:sandstone":9,"minecraft:cracked_stone_bricks":1,"minecraft:rail":3,"minecraft:sand":5,"minecraft:white_bed":1,"minecraft:cornflower":1,"minecraft:suspicious_stew":5,"minecraft:iron_pickaxe":106,"minecraft:bread":26,"peru_mod:papaya":2,"minecraft:cobblestone":86,"minecraft:potion":2,"travelersbackpack:standard":11,"minecraft:cooked_rabbit":4,"minecraft:oak_boat":6,"peru_mod:arrozconpollo":1},"minecraft:mined":{"minecraft:dark_oak_planks":6,"minecraft:mossy_cobblestone":3,"minecraft:jungle_leaves":2,"minecraft:grass_block":66,"minecraft:spruce_leaves":2,"minecraft:kelp":3,"minecraft:sandstone":13,"minecraft:red_stained_glass_pane":2,"minecraft:spawner":13,"minecraft:large_fern":2,"minecraft:tall_seagrass":4,"minecraft:mossy_cobblestone_stairs":2,"minecraft:snow":6,"minecraft:andesite":4,"peru_mod:papaya_bunch":1,"minecraft:bookshelf":2,"minecraft:vine":1,"minecraft:rail":1,"minecraft:iron_bars":4,"minecraft:packed_ice":31,"peru_mod:amancae":2,"minecraft:stone":6,"minecraft:kelp_plant":5,"minecraft:orange_terracotta":1,"minecraft:torch":5,"minecraft:cobblestone":1,"minecraft:tall_grass":2,"minecraft:oak_planks":4,"minecraft:diorite":4,"minecraft:wall_torch":3,"minecraft:seagrass":1,"minecraft:white_terracotta":1,"peru_mod:cotton_plant":1,"minecraft:birch_log":5,"peru_mod:onionplant":6,"peru_mod:amazonleaves":1,"minecraft:stone_brick_stairs":2,"minecraft:grass":6,"peru_mod:junglepodzol":6,"minecraft:oak_log":1,"minecraft:gravel":2,"minecraft:sand":21,"minecraft:dirt":120,"peru_mod:riceplant":3,"minecraft:cracked_stone_bricks":1,"minecraft:stone_bricks":10,"minecraft:mossy_stone_bricks":4,"minecraft:oak_leaves":23,"peru_mod:jungledirt":2}},"DataVersion":2586}