{"stats":{"minecraft:used":{"minecraft:cooked_mutton":5,"minecraft:iron_shovel":54,"minecraft:iron_axe":9,"peru_mod:onion":6,"minecraft:iron_pickaxe":5,"minecraft:baked_potato":2,"minecraft:oak_planks":4,"minecraft:iron_sword":21,"peru_mod:papaya":2,"minecraft:stone_bricks":56,"minecraft:torch":21,"minecraft:dirt":42,"travelersbackpack:standard":3,"minecraft:oak_sapling":1,"iceandfire:pixie_jar_1":1,"minecraft:white_bed":1,"minecraft:oak_boat":3},"minecraft:picked_up":{"minecraft:birch_log":5,"iceandfire:pixie_dust":1,"minecraft:chicken":1,"minecraft:torch":6,"minecraft:oak_log":1,"peru_mod:onion":8,"minecraft:string":2,"minecraft:dirt":63,"minecraft:bone":7,"minecraft:arrow":8,"minecraft:rotten_flesh":2,"minecraft:stone_bricks":2,"minecraft:oak_boat":3,"peru_mod:papaya":2,"minecraft:oak_sapling":1,"minecraft:oak_planks":7},"minecraft:killed":{"minecraft:skeleton":5,"minecraft:zombie":1,"minecraft:chicken":1,"minecraft:spider":1},"minecraft:custom":{"minecraft:time_since_rest":12570,"minecraft:interact_with_furnace":3,"minecraft:sprint_one_cm":62457,"minecraft:damage_taken":669,"minecraft:walk_one_cm":78350,"minecraft:mob_kills":9,"minecraft:drop":2,"minecraft:damage_dealt":1370,"minecraft:talked_to_villager":8,"minecraft:swim_one_cm":3402,"minecraft:fly_one_cm":108158,"minecraft:open_chest":1,"minecraft:crouch_one_cm":90,"minecraft:play_one_minute":45916,"minecraft:sneak_time":100,"minecraft:walk_under_water_one_cm":1042,"minecraft:boat_one_cm":104908,"minecraft:jump":579,"minecraft:interact_with_blast_furnace":2,"minecraft:leave_game":10,"minecraft:walk_on_water_one_cm":3933,"minecraft:time_since_death":45916,"minecraft:sleep_in_bed":3,"minecraft:interact_with_smoker":5,"minecraft:climb_one_cm":182,"minecraft:fall_one_cm":13844},"minecraft:dropped":{"peru_mod:onion":6,"minecraft:arrow":2},"minecraft:broken":{"minecraft:iron_shovel":1},"minecraft:mined":{"minecraft:birch_log":5,"peru_mod:onionplant":2,"peru_mod:amazonleaves":1,"peru_mod:papaya_bunch":1,"minecraft:torch":4,"minecraft:grass":3,"minecraft:oak_log":1,"peru_mod:junglepodzol":6,"minecraft:grass_block":3,"minecraft:dirt":53,"minecraft:tall_grass":1,"minecraft:oak_planks":3,"minecraft:stone_bricks":2,"minecraft:oak_leaves":18,"minecraft:wall_torch":1,"peru_mod:jungledirt":2,"minecraft:spawner":2},"minecraft:crafted":{"minecraft:oak_planks":4,"minecraft:stick":8,"minecraft:cooked_chicken":1,"minecraft:iron_shovel":1,"minecraft:white_bed":1,"minecraft:air":0}},"DataVersion":2586}