{"stats":{"minecraft:broken":{"minecraft:iron_shovel":1,"minecraft:iron_boots":1,"minecraft:iron_leggings":1,"minecraft:iron_helmet":1},"minecraft:dropped":{"minecraft:iron_ingot":1,"peru_mod:onion":6,"minecraft:tnt":2,"minecraft:mossy_cobblestone":1,"minecraft:glass_bottle":1,"minecraft:prismarine_shard":2,"minecraft:feather":1,"iceandfire:ectoplasm":4,"minecraft:flint":1,"minecraft:dirt":2,"peru_mod:arrozconpollo":1,"minecraft:dark_oak_planks":1,"minecraft:string":13,"minecraft:gravel":1,"minecraft:kelp":7,"minecraft:bowl":4,"minecraft:suspicious_stew":1,"minecraft:tipped_arrow":3,"minecraft:shield":1,"minecraft:iron_chestplate":2,"minecraft:birch_door":2,"minecraft:oak_boat":1,"minecraft:stone_bricks":1,"minecraft:spider_eye":1,"minecraft:arrow":2},"minecraft:killed_by":{"minecraft:stray":1,"minecraft:creeper":1,"iceandfire:sea_serpent":1,"iceandfire:hippogryph":1},"minecraft:killed":{"iceandfire:hippogryph":3,"minecraft:spider":7,"minecraft:skeleton":19,"iceandfire:siren":1,"minecraft:chicken":1,"minecraft:silverfish":3,"iceandfire:hippocampus":5,"minecraft:pig":2,"minecraft:zombie":13,"iceandfire:ghost":2,"minecraft:stray":3,"minecraft:wither_skeleton":7,"iceandfire:sea_serpent":2,"minecraft:cow":6},"minecraft:custom":{"minecraft:mob_kills":79,"minecraft:leave_game":15,"minecraft:time_since_death":17387,"minecraft:climb_one_cm":182,"minecraft:sprint_one_cm":348874,"minecraft:walk_one_cm":272666,"minecraft:damage_blocked_by_shield":510,"minecraft:drop":34,"minecraft:talked_to_villager":8,"minecraft:deaths":5,"minecraft:sneak_time":2555,"minecraft:walk_under_water_one_cm":123241,"minecraft:boat_one_cm":966404,"minecraft:interact_with_lectern":1,"minecraft:jump":2571,"minecraft:interact_with_brewingstand":1,"minecraft:interact_with_blast_furnace":2,"minecraft:walk_on_water_one_cm":71479,"minecraft:interact_with_furnace":3,"minecraft:play_one_minute":191572,"minecraft:sleep_in_bed":11,"minecraft:time_since_rest":17412,"minecraft:damage_taken":5028,"minecraft:trigger_trapped_chest":2,"minecraft:damage_dealt":16783,"minecraft:swim_one_cm":292838,"minecraft:fly_one_cm":520740,"minecraft:open_chest":49,"minecraft:crouch_one_cm":5243,"minecraft:interact_with_smoker":5,"minecraft:fall_one_cm":66660},"minecraft:picked_up":{"minecraft:iron_chestplate":1,"iceandfire:witherbone":3,"minecraft:chicken":1,"minecraft:prismarine_shard":2,"peru_mod:onion":12,"minecraft:string":9,"iceandfire:sea_serpent_scales_teal":2,"iceandfire:sea_serpent_scales_bronze":5,"minecraft:cracked_stone_bricks":1,"minecraft:beef":11,"minecraft:oak_boat":5,"minecraft:tipped_arrow":3,"iceandfire:pixie_dust":1,"minecraft:sandstone":9,"minecraft:oak_fence":1,"minecraft:torch":9,"peru_mod:rice":3,"minecraft:porkchop":4,"minecraft:dark_oak_planks":6,"minecraft:arrow":27,"minecraft:rotten_flesh":18,"minecraft:iron_bars":4,"minecraft:rail":3,"minecraft:cobblestone":16,"minecraft:birch_log":5,"minecraft:feather":5,"minecraft:cooked_beef":28,"iceandfire:sea_serpent_fang":11,"minecraft:leather":11,"minecraft:dark_oak_boat":2,"minecraft:oak_log":1,"minecraft:dirt":116,"minecraft:orange_terracotta":1,"minecraft:bone":36,"minecraft:stone_bricks":4,"minecraft:kelp":7,"minecraft:bow":2,"minecraft:iron_ingot":1,"minecraft:mossy_stone_bricks":1,"minecraft:oak_planks":7,"peru_mod:arrozconpollo":1,"minecraft:gravel":1,"iceandfire:shiny_scales":16,"minecraft:spider_eye":1,"minecraft:mossy_cobblestone":1,"minecraft:bread":35,"peru_mod:papaya":2,"minecraft:oak_sapling":1,"minecraft:coal":2},"minecraft:mined":{"minecraft:dark_oak_planks":6,"minecraft:mossy_cobblestone":3,"minecraft:jungle_leaves":2,"minecraft:grass_block":6,"minecraft:spruce_leaves":2,"minecraft:kelp":3,"minecraft:sandstone":9,"minecraft:red_stained_glass_pane":2,"minecraft:spawner":11,"minecraft:large_fern":2,"minecraft:tall_seagrass":4,"peru_mod:papaya_bunch":1,"minecraft:bookshelf":2,"minecraft:iron_bars":4,"minecraft:vine":1,"minecraft:rail":1,"minecraft:packed_ice":31,"peru_mod:amancae":2,"minecraft:stone":6,"minecraft:kelp_plant":5,"minecraft:orange_terracotta":1,"minecraft:torch":4,"minecraft:tall_grass":2,"minecraft:oak_planks":4,"minecraft:wall_torch":3,"minecraft:seagrass":1,"minecraft:white_terracotta":1,"peru_mod:cotton_plant":1,"minecraft:birch_log":5,"peru_mod:onionplant":6,"peru_mod:amazonleaves":1,"minecraft:stone_brick_stairs":1,"minecraft:grass":5,"peru_mod:junglepodzol":6,"minecraft:oak_log":1,"minecraft:gravel":1,"minecraft:dirt":105,"peru_mod:riceplant":3,"minecraft:cracked_stone_bricks":1,"minecraft:stone_bricks":6,"minecraft:mossy_stone_bricks":2,"minecraft:oak_leaves":23,"peru_mod:jungledirt":2},"minecraft:crafted":{"minecraft:oak_planks":4,"minecraft:dark_oak_boat":1,"minecraft:cooked_chicken":1,"iceandfire:tide_bronze_boots":1,"minecraft:birch_door":3,"minecraft:arrow":16,"minecraft:iron_helmet":1,"iceandfire:tide_bronze_chestplate":1,"minecraft:birch_planks":12,"minecraft:air":0,"minecraft:stick":12,"minecraft:iron_shovel":1,"minecraft:white_bed":1,"peru_mod:arrozconpollo":1,"minecraft:torch":16},"minecraft:used":{"minecraft:oak_fence":1,"minecraft:iron_shovel":105,"iceandfire:silver_sword":31,"minecraft:shield":11,"minecraft:iron_sword":224,"simpletomb:grave_key":5,"minecraft:torch":71,"minecraft:dirt":110,"minecraft:birch_door":1,"minecraft:iron_axe":59,"minecraft:stone_bricks":111,"minecraft:bow":25,"minecraft:dark_oak_boat":3,"minecraft:oak_sapling":1,"iceandfire:pixie_jar_1":1,"minecraft:orange_terracotta":1,"minecraft:cooked_mutton":14,"minecraft:birch_planks":4,"minecraft:baked_potato":9,"minecraft:oak_planks":4,"peru_mod:onion":12,"minecraft:sandstone":9,"minecraft:cracked_stone_bricks":1,"minecraft:rail":3,"minecraft:white_bed":1,"minecraft:iron_pickaxe":82,"minecraft:bread":22,"minecraft:suspicious_stew":4,"peru_mod:papaya":2,"minecraft:cobblestone":86,"minecraft:potion":2,"travelersbackpack:standard":10,"minecraft:cooked_rabbit":4,"minecraft:oak_boat":6,"peru_mod:arrozconpollo":1}},"DataVersion":2586}