{"stats":{"minecraft:picked_up":{"minecraft:birch_log":5,"minecraft:iron_chestplate":1,"minecraft:cooked_beef":28,"iceandfire:witherbone":3,"minecraft:chicken":1,"minecraft:oak_log":1,"peru_mod:onion":8,"minecraft:string":5,"minecraft:dirt":116,"minecraft:bone":29,"minecraft:stone_bricks":4,"minecraft:bow":1,"minecraft:cracked_stone_bricks":1,"minecraft:oak_boat":3,"minecraft:oak_planks":7,"minecraft:tipped_arrow":3,"iceandfire:pixie_dust":1,"minecraft:torch":7,"minecraft:gravel":1,"minecraft:porkchop":1,"minecraft:mossy_cobblestone":1,"minecraft:arrow":22,"minecraft:rotten_flesh":7,"minecraft:bread":35,"peru_mod:papaya":2,"minecraft:oak_sapling":1,"minecraft:coal":2,"minecraft:iron_bars":3,"minecraft:cobblestone":4},"minecraft:crafted":{"minecraft:oak_planks":4,"minecraft:cooked_chicken":1,"minecraft:birch_planks":4,"minecraft:air":0,"minecraft:stick":8,"minecraft:iron_shovel":1,"minecraft:white_bed":1},"minecraft:custom":{"minecraft:interact_with_furnace":3,"minecraft:mob_kills":40,"minecraft:play_one_minute":76077,"minecraft:leave_game":11,"minecraft:time_since_death":5990,"minecraft:sleep_in_bed":4,"minecraft:climb_one_cm":182,"minecraft:time_since_rest":6035,"minecraft:sprint_one_cm":148490,"minecraft:damage_taken":2478,"minecraft:walk_one_cm":168867,"minecraft:damage_blocked_by_shield":300,"minecraft:drop":12,"minecraft:damage_dealt":6742,"minecraft:swim_one_cm":3402,"minecraft:talked_to_villager":8,"minecraft:fly_one_cm":178866,"minecraft:open_chest":20,"minecraft:crouch_one_cm":1330,"minecraft:deaths":1,"minecraft:sneak_time":624,"minecraft:walk_under_water_one_cm":1042,"minecraft:boat_one_cm":104908,"minecraft:interact_with_lectern":1,"minecraft:jump":979,"minecraft:interact_with_brewingstand":1,"minecraft:interact_with_blast_furnace":2,"minecraft:walk_on_water_one_cm":4443,"minecraft:interact_with_smoker":5,"minecraft:fall_one_cm":17394},"minecraft:mined":{"minecraft:mossy_cobblestone":3,"minecraft:torch":4,"minecraft:grass_block":6,"minecraft:tall_grass":1,"minecraft:oak_planks":3,"minecraft:wall_torch":2,"minecraft:spawner":7,"minecraft:birch_log":5,"peru_mod:onionplant":2,"peru_mod:amazonleaves":1,"minecraft:stone_brick_stairs":1,"peru_mod:papaya_bunch":1,"minecraft:grass":3,"peru_mod:junglepodzol":6,"minecraft:oak_log":1,"minecraft:iron_bars":3,"minecraft:gravel":1,"minecraft:dirt":105,"minecraft:cracked_stone_bricks":1,"minecraft:stone":4,"minecraft:stone_bricks":6,"minecraft:mossy_stone_bricks":1,"minecraft:oak_leaves":19,"peru_mod:jungledirt":2},"minecraft:used":{"minecraft:cooked_mutton":12,"minecraft:iron_shovel":105,"minecraft:birch_planks":4,"minecraft:oak_planks":4,"minecraft:baked_potato":9,"peru_mod:onion":8,"minecraft:shield":7,"minecraft:iron_sword":137,"simpletomb:grave_key":1,"minecraft:cracked_stone_bricks":1,"minecraft:torch":55,"minecraft:dirt":86,"minecraft:white_bed":1,"minecraft:iron_axe":12,"minecraft:iron_pickaxe":28,"peru_mod:papaya":2,"minecraft:stone_bricks":111,"minecraft:bow":2,"minecraft:potion":2,"travelersbackpack:standard":3,"minecraft:oak_sapling":1,"minecraft:cooked_rabbit":4,"iceandfire:pixie_jar_1":1,"minecraft:oak_boat":3},"minecraft:killed":{"minecraft:pig":1,"minecraft:spider":4,"minecraft:skeleton":15,"minecraft:zombie":5,"minecraft:chicken":1,"minecraft:stray":3,"minecraft:silverfish":3,"minecraft:wither_skeleton":7},"minecraft:broken":{"minecraft:iron_shovel":1},"minecraft:killed_by":{"minecraft:stray":1},"minecraft:dropped":{"minecraft:gravel":1,"peru_mod:onion":6,"minecraft:glass_bottle":1,"minecraft:mossy_cobblestone":1,"minecraft:tipped_arrow":3,"minecraft:shield":1,"minecraft:iron_chestplate":1,"minecraft:oak_boat":1,"minecraft:stone_bricks":1,"minecraft:arrow":2}},"DataVersion":2586}