{"stats":{"minecraft:picked_up":{"minecraft:iron_chestplate":6,"minecraft:anvil":1,"minecraft:redstone_block":1,"minecraft:chainmail_boots":1,"minecraft:nether_brick_fence":1,"iceandfire:copper_ore":2,"minecraft:prismarine_shard":4,"minecraft:smithing_table":6,"minecraft:stone_slab":5,"minecraft:diamond_sword":1,"minecraft:potion":5,"minecraft:stone_brick_stairs":6,"peru_mod:onion":13,"iceandfire:manuscript":13,"minecraft:string":50,"iceandfire:sea_serpent_scales_teal":10,"minecraft:red_nether_bricks":19,"minecraft:iron_leggings":1,"peru_mod:totora":3,"minecraft:oak_sign":18,"iceandfire:sea_serpent_scales_bronze":5,"minecraft:diamond_leggings":2,"minecraft:gold_nugget":32,"minecraft:white_tulip":2,"minecraft:iron_pickaxe":2,"minecraft:coal_block":20,"iceandfire:dragonscales_red":32,"minecraft:iron_boots":1,"minecraft:tipped_arrow":35,"minecraft:golden_helmet":4,"iceandfire:pixie_dust":9,"minecraft:stick":7,"minecraft:oak_fence":26,"minecraft:torch":225,"minecraft:porkchop":6,"iceandfire:rotten_egg":1,"minecraft:diorite":12,"minecraft:golden_chestplate":3,"iceandfire:lightning_lily":1,"minecraft:quartz_block":5,"minecraft:rotten_flesh":232,"iceandfire:deathworm_chitin_yellow":8,"iceandfire:fire_dragon_heart":3,"minecraft:blaze_rod":3,"minecraft:obsidian":8,"minecraft:iron_bars":30,"minecraft:snowball":5,"minecraft:cobblestone":787,"minecraft:nautilus_shell":1,"minecraft:birch_log":12,"minecraft:leather_chestplate":1,"minecraft:feather":9,"minecraft:cooked_beef":37,"minecraft:magma_cream":4,"minecraft:andesite":9,"minecraft:dark_oak_boat":2,"minecraft:golden_leggings":4,"minecraft:smoker":2,"minecraft:potato":6,"minecraft:flint":34,"minecraft:lapis_lazuli":26,"minecraft:dirt":654,"iceandfire:dragonscales_bronze":51,"minecraft:name_tag":11,"minecraft:leather_boots":3,"minecraft:bone":263,"minecraft:bow":5,"minecraft:wheat_seeds":9,"minecraft:orange_tulip":4,"minecraft:mossy_stone_bricks":91,"minecraft:fletching_table":3,"minecraft:diamond_helmet":5,"minecraft:oak_planks":26,"minecraft:mossy_stone_brick_stairs":8,"minecraft:ghast_tear":1,"iceandfire:dragon_skull_fire":3,"iceandfire:shiny_scales":21,"minecraft:sand":19,"iceandfire:stymphalian_bird_feather":9,"minecraft:nether_brick_stairs":13,"minecraft:dark_oak_log":103,"minecraft:mossy_cobblestone":138,"iceandfire:fire_dragon_blood":1,"iceandfire:dragonbone_sword_fire":1,"minecraft:granite":8,"minecraft:chainmail_helmet":1,"minecraft:bread":40,"minecraft:oak_sapling":2,"minecraft:netherrack":24,"minecraft:diamond_pickaxe":2,"minecraft:chicken":2,"iceandfire:witherbone":17,"minecraft:nether_wart":52,"minecraft:leather_leggings":2,"eyeofdragons:eye_of_firedragon":1,"minecraft:shield":3,"minecraft:cornflower":1,"minecraft:iron_axe":1,"minecraft:blackstone":1,"minecraft:cracked_stone_bricks":22,"minecraft:beef":12,"minecraft:oak_boat":8,"minecraft:lectern":91,"minecraft:chest":13,"minecraft:egg":3,"minecraft:sandstone":9,"iceandfire:dragonbone":37,"minecraft:stone":125,"iceandfire:chared_grass":1,"peru_mod:rice":12,"minecraft:carrot":269,"minecraft:redstone":1,"minecraft:prismarine_crystals":1,"minecraft:dark_oak_planks":6,"iceandfire:dragon_skull_ice":1,"minecraft:arrow":205,"minecraft:diamond_chestplate":1,"minecraft:nether_bricks":231,"minecraft:diamond_boots":3,"minecraft:pink_tulip":4,"minecraft:rail":3,"minecraft:oxeye_daisy":5,"travelersbackpack:ghast":2,"iceandfire:sea_serpent_fang":17,"minecraft:leather":11,"minecraft:oak_log":31,"minecraft:chainmail_chestplate":2,"minecraft:golden_boots":1,"minecraft:yellow_bed":1,"minecraft:nether_wart_block":2,"minecraft:gunpowder":18,"minecraft:cobblestone_stairs":4,"minecraft:orange_terracotta":1,"minecraft:cooked_mutton":4,"minecraft:stone_bricks":590,"minecraft:kelp":182,"minecraft:warped_stem":6,"minecraft:iron_ingot":86,"minecraft:cobweb":1,"minecraft:iron_ore":37,"minecraft:iron_sword":1,"iceandfire:fire_dragon_flesh":2,"minecraft:soul_sand":42,"minecraft:book":16,"peru_mod:arrozconpollo":1,"minecraft:chiseled_stone_bricks":2,"iceandfire:dragonbone_sword":1,"iceandfire:ash":2,"minecraft:gravel":35,"minecraft:blast_furnace":9,"minecraft:white_bed":7,"minecraft:spider_eye":5,"travelersbackpack:standard":1,"minecraft:chainmail_leggings":8,"minecraft:iron_helmet":2,"travelersbackpack:pumpkin":2,"minecraft:mossy_cobblestone_stairs":6,"minecraft:warped_roots":4,"peru_mod:papaya":2,"minecraft:coal":98,"minecraft:hopper":11,"minecraft:ender_pearl":4},"minecraft:mined":{"minecraft:dark_oak_planks":6,"minecraft:white_bed":7,"minecraft:stone_pressure_plate":1,"minecraft:cobblestone_stairs":2,"travelersbackpack:pumpkin":1,"minecraft:jungle_leaves":2,"minecraft:red_nether_bricks":20,"minecraft:obsidian":9,"minecraft:granite":14,"minecraft:grass_block":411,"minecraft:coal_block":20,"minecraft:hopper":12,"minecraft:oxeye_daisy":1,"minecraft:oak_wall_sign":15,"minecraft:nether_wart":18,"minecraft:chiseled_stone_bricks":5,"minecraft:red_stained_glass_pane":2,"minecraft:spawner":67,"minecraft:tall_seagrass":10,"minecraft:mossy_cobblestone_slab":2,"minecraft:mossy_cobblestone_stairs":28,"minecraft:iron_ore":38,"minecraft:fire":19,"minecraft:anvil":1,"minecraft:fletching_table":3,"minecraft:nether_brick_stairs":34,"peru_mod:papaya_bunch":1,"minecraft:oak_sign":3,"minecraft:iron_bars":26,"peru_mod:amancae":2,"minecraft:pink_tulip":3,"travelersbackpack:ghast":1,"minecraft:brown_mushroom":2,"minecraft:quartz_block":18,"minecraft:blackstone":1,"minecraft:kelp_plant":29,"minecraft:smoker":2,"minecraft:orange_terracotta":1,"minecraft:torch":38,"minecraft:blast_furnace":9,"minecraft:chest":12,"minecraft:cobblestone":122,"minecraft:oak_planks":8,"minecraft:iron_door":1,"minecraft:wall_torch":39,"minecraft:seagrass":5,"minecraft:white_terracotta":1,"minecraft:nether_wart_block":3,"peru_mod:cotton_plant":1,"minecraft:birch_log":12,"peru_mod:amazonleaves":1,"minecraft:orange_tulip":2,"minecraft:stone_brick_stairs":16,"minecraft:grass":40,"peru_mod:junglepodzol":6,"minecraft:oak_log":31,"minecraft:sand":21,"minecraft:dirt":448,"minecraft:netherrack":38,"minecraft:oak_leaves":38,"peru_mod:jungledirt":2,"iceandfire:lightning_lily":1,"minecraft:dark_oak_leaves":1,"minecraft:mossy_cobblestone":204,"minecraft:dark_oak_log":102,"minecraft:nether_bricks":296,"minecraft:redstone_wire":1,"minecraft:spruce_leaves":2,"minecraft:kelp":22,"minecraft:sandstone":13,"minecraft:large_fern":2,"minecraft:carrots":70,"iceandfire:copper_ore":2,"minecraft:snow":6,"minecraft:andesite":28,"minecraft:peony":1,"minecraft:nether_brick_fence":2,"minecraft:mossy_stone_brick_stairs":21,"minecraft:bookshelf":6,"minecraft:potatoes":1,"minecraft:vine":26,"minecraft:rail":1,"minecraft:warped_stem":6,"minecraft:packed_ice":31,"minecraft:white_tulip":8,"minecraft:stone":1927,"minecraft:smithing_table":6,"minecraft:redstone_block":1,"minecraft:soul_sand":46,"minecraft:oak_fence":21,"minecraft:cornflower":2,"minecraft:warped_roots":1,"minecraft:lectern":91,"minecraft:tall_grass":3,"minecraft:lapis_ore":1,"peru_mod:totora":3,"minecraft:diorite":48,"peru_mod:onionplant":7,"minecraft:yellow_bed":1,"minecraft:coal_ore":45,"minecraft:gravel":50,"peru_mod:riceplant":12,"minecraft:cracked_stone_bricks":39,"minecraft:stone_bricks":610,"minecraft:mossy_stone_bricks":172,"minecraft:gold_ore":8},"minecraft:crafted":{"minecraft:grindstone":1,"minecraft:oak_planks":124,"eyeofdragons:eye_of_firedragon":1,"iceandfire:dragonbone_axe":1,"minecraft:oak_sign":9,"minecraft:dark_oak_boat":1,"minecraft:cooked_chicken":2,"minecraft:blaze_powder":2,"minecraft:stone":184,"minecraft:bookshelf":4,"minecraft:warped_planks":24,"minecraft:hopper":9,"minecraft:chest":2,"minecraft:birch_door":3,"minecraft:ender_eye":1,"minecraft:stone_bricks":180,"minecraft:oak_fence":6,"iceandfire:ambrosia":5,"minecraft:glass_bottle":3,"minecraft:oak_slab":24,"minecraft:emerald":24,"minecraft:arrow":16,"minecraft:cooked_porkchop":2,"minecraft:iron_helmet":1,"minecraft:fletching_table":4,"minecraft:birch_planks":40,"minecraft:lectern":3,"minecraft:iron_chestplate":1,"minecraft:diamond_pickaxe":1,"iceandfire:tide_teal_helmet":1,"iceandfire:tide_teal_leggings":1,"minecraft:stick":864,"minecraft:stone_slab":6,"minecraft:iron_block":3,"minecraft:gold_ingot":9,"peru_mod:totora_bunch":1,"peru_mod:arrozconpollo":2,"iceandfire:armor_bronze_helmet":1,"minecraft:redstone":9,"minecraft:coal":9,"iceandfire:dragonbone_sword_fire":1,"minecraft:furnace":3,"minecraft:bone_meal":126,"iceandfire:tide_bronze_boots":1,"minecraft:flint_and_steel":1,"iceandfire:armor_bronze_chestplate":1,"minecraft:dark_oak_planks":400,"minecraft:cooked_beef":12,"minecraft:coal_block":3,"iceandfire:dragonbone_sword":1,"iceandfire:armor_bronze_boots":1,"minecraft:bowl":8,"minecraft:bucket":1,"iceandfire:tide_bronze_chestplate":1,"minecraft:enchanted_book":4,"iceandfire:dragonbone_pickaxe":1,"minecraft:air":0,"minecraft:oak_boat":2,"minecraft:iron_shovel":1,"minecraft:iron_leggings":1,"minecraft:anvil":1,"minecraft:white_bed":1,"iceandfire:armor_bronze_leggings":1,"minecraft:torch":296},"minecraft:used":{"minecraft:iron_shovel":786,"minecraft:oak_sign":26,"minecraft:shield":11,"iceandfire:dragon_skull_ice":1,"minecraft:chest":5,"minecraft:iron_sword":229,"minecraft:stone":100,"minecraft:nether_wart":12,"minecraft:soul_sand":14,"minecraft:nether_bricks":198,"minecraft:carrot":70,"iceandfire:dragonbone_axe":495,"minecraft:obsidian":16,"minecraft:lava_bucket":64,"minecraft:quartz_block":1,"minecraft:stone_brick_stairs":2,"minecraft:stone_bricks":869,"minecraft:bow":59,"minecraft:dark_oak_boat":3,"minecraft:oak_sapling":1,"minecraft:cooked_cod":7,"minecraft:furnace":3,"minecraft:egg":2,"minecraft:potato":2,"minecraft:mossy_stone_bricks":10,"minecraft:diorite":4,"minecraft:oak_planks":7,"peru_mod:onion":13,"minecraft:blackstone":1,"minecraft:sandstone":9,"minecraft:golden_apple":7,"minecraft:sand":5,"minecraft:blast_furnace":9,"iceandfire:dragonbone_sword":111,"minecraft:bread":64,"minecraft:lectern":94,"travelersbackpack:pumpkin":4,"minecraft:gravel":14,"minecraft:nether_wart_block":2,"minecraft:diamond_sword":174,"minecraft:coal_block":9,"iceandfire:dragon_skull_fire":4,"minecraft:grindstone":1,"minecraft:smithing_table":6,"minecraft:cooked_rabbit":4,"minecraft:andesite":2,"minecraft:oak_boat":10,"minecraft:bone_meal":128,"minecraft:golden_pickaxe":99,"minecraft:cobweb":1,"minecraft:oak_fence":24,"minecraft:iron_bars":2,"minecraft:white_tulip":1,"iceandfire:silver_sword":53,"minecraft:flint_and_steel":13,"minecraft:redstone":1,"minecraft:cooked_chicken":3,"minecraft:netherrack":22,"simpletomb:grave_key":23,"minecraft:torch":408,"minecraft:brewing_stand":1,"minecraft:dirt":523,"minecraft:anvil":2,"minecraft:hopper":21,"minecraft:granite":5,"minecraft:nether_brick_stairs":3,"minecraft:birch_door":1,"minecraft:mossy_cobblestone_stairs":2,"minecraft:bookshelf":1,"minecraft:iron_axe":72,"minecraft:golden_carrot":34,"iceandfire:pixie_jar_1":1,"minecraft:cooked_beef":59,"iceandfire:dragonbone_pickaxe":7,"minecraft:orange_terracotta":1,"minecraft:cooked_mutton":14,"minecraft:water_bucket":98,"minecraft:iron_ore":11,"iceandfire:fire_dragon_flesh":2,"minecraft:pink_tulip":1,"minecraft:birch_planks":4,"minecraft:glass_bottle":7,"minecraft:baked_potato":9,"minecraft:red_nether_bricks":19,"minecraft:fletching_table":7,"iceandfire:dragon_skull_lightning":1,"minecraft:cracked_stone_bricks":3,"minecraft:mossy_cobblestone":55,"minecraft:rail":3,"minecraft:oak_slab":2,"minecraft:white_bed":8,"travelersbackpack:ghast":3,"minecraft:warped_planks":24,"minecraft:smoker":2,"minecraft:oxeye_daisy":1,"minecraft:diamond_shovel":83,"minecraft:cornflower":1,"minecraft:diamond_pickaxe":1971,"iceandfire:ambrosia":5,"iceandfire:dragonbone_sword_fire":1192,"minecraft:iron_pickaxe":1993,"minecraft:suspicious_stew":5,"iceandfire:ash":2,"peru_mod:papaya":2,"minecraft:chiseled_stone_bricks":1,"minecraft:cobblestone":599,"minecraft:potion":12,"travelersbackpack:standard":15,"minecraft:cooked_porkchop":17,"minecraft:bucket":167,"minecraft:yellow_bed":1,"minecraft:kelp":57,"peru_mod:arrozconpollo":2},"minecraft:killed_by":{"iceandfire:cyclops":1,"minecraft:wither_skeleton":7,"minecraft:creeper":1,"minecraft:drowned":1,"iceandfire:sea_serpent":1,"minecraft:zombie":3,"iceandfire:fire_dragon":7,"iceandfire:deathworm":1,"minecraft:stray":3,"iceandfire:hippogryph":1},"minecraft:killed":{"minecraft:cave_spider":8,"iceandfire:hippogryph":3,"minecraft:spider":21,"iceandfire:stymphalian_bird":2,"minecraft:skeleton":100,"minecraft:chicken":2,"minecraft:silverfish":4,"minecraft:magma_cube":31,"minecraft:piglin":1,"minecraft:pig":2,"minecraft:zombie_villager":1,"minecraft:iron_golem":1,"minecraft:creeper":7,"minecraft:sheep":2,"minecraft:zombie":229,"minecraft:ghast":3,"minecraft:stray":147,"iceandfire:sea_serpent":3,"minecraft:blaze":6,"minecraft:cow":9,"iceandfire:fire_dragon":3,"iceandfire:siren":1,"minecraft:drowned":14,"iceandfire:hippocampus":5,"iceandfire:ghost":3,"minecraft:wither_skeleton":29,"minecraft:enderman":6},"minecraft:custom":{"minecraft:leave_game":37,"minecraft:time_since_death":180861,"minecraft:sprint_one_cm":1316631,"minecraft:damage_blocked_by_shield":510,"minecraft:drop":463,"minecraft:talked_to_villager":233,"minecraft:deaths":27,"minecraft:jump":12221,"minecraft:interact_with_brewingstand":25,"minecraft:walk_on_water_one_cm":305373,"minecraft:enchant_item":6,"minecraft:interact_with_furnace":49,"minecraft:traded_with_villager":29,"minecraft:play_one_minute":945939,"minecraft:sleep_in_bed":36,"minecraft:damage_dealt":109092,"minecraft:player_kills":1,"minecraft:crouch_one_cm":52629,"minecraft:interact_with_smoker":14,"minecraft:interact_with_smithing_table":1,"minecraft:interact_with_anvil":7,"minecraft:mob_kills":758,"minecraft:inspect_hopper":4,"minecraft:climb_one_cm":36768,"minecraft:walk_one_cm":2070306,"minecraft:sneak_time":25864,"minecraft:walk_under_water_one_cm":228349,"minecraft:boat_one_cm":1085100,"minecraft:interact_with_lectern":1,"minecraft:interact_with_blast_furnace":9,"minecraft:interact_with_grindstone":1,"minecraft:time_since_rest":13675,"minecraft:damage_absorbed":710,"minecraft:damage_taken":24151,"minecraft:trigger_trapped_chest":3,"minecraft:swim_one_cm":415438,"minecraft:fly_one_cm":1939083,"minecraft:open_chest":330,"minecraft:fall_one_cm":295092},"minecraft:dropped":{"minecraft:nether_brick_stairs":7,"minecraft:iron_sword":1,"minecraft:porkchop":4,"minecraft:glass_bottle":5,"minecraft:orange_tulip":4,"minecraft:warped_roots":4,"iceandfire:ectoplasm":4,"minecraft:mossy_stone_brick_stairs":4,"minecraft:cracked_stone_bricks":15,"minecraft:flint":18,"minecraft:cobblestone_stairs":4,"minecraft:dirt":197,"minecraft:snowball":5,"iceandfire:dragonscales_red":6,"minecraft:gold_nugget":14,"minecraft:sand":7,"minecraft:iron_pickaxe":2,"peru_mod:arrozconpollo":1,"minecraft:dark_oak_planks":1,"minecraft:bone":1,"minecraft:gravel":18,"iceandfire:stymphalian_bird_feather":9,"minecraft:white_tulip":1,"minecraft:golden_chestplate":3,"minecraft:obsidian":1,"minecraft:rotten_flesh":12,"minecraft:oak_planks":16,"minecraft:carrot":200,"minecraft:chainmail_chestplate":2,"minecraft:chiseled_stone_bricks":1,"minecraft:leather_chestplate":1,"minecraft:tipped_arrow":22,"minecraft:gunpowder":5,"minecraft:leather_boots":2,"minecraft:birch_door":2,"minecraft:chainmail_boots":1,"iceandfire:deathworm_chitin_white":4,"minecraft:leather_leggings":1,"minecraft:iron_bars":14,"minecraft:arrow":117,"iceandfire:deathworm_chitin_yellow":8,"minecraft:stone_brick_stairs":2,"iceandfire:chared_grass":1,"minecraft:netherrack":1,"minecraft:golden_boots":1,"minecraft:iron_ingot":1,"minecraft:wheat_seeds":9,"peru_mod:onion":6,"minecraft:golden_helmet":5,"minecraft:tnt":2,"minecraft:mossy_cobblestone":16,"minecraft:prismarine_shard":2,"minecraft:iron_helmet":3,"minecraft:oak_fence":8,"minecraft:feather":2,"minecraft:cobblestone":77,"minecraft:prismarine_crystals":1,"minecraft:granite":2,"minecraft:stick":8,"minecraft:oxeye_daisy":3,"minecraft:diorite":4,"minecraft:golden_carrot":1,"minecraft:torch":40,"minecraft:diamond_helmet":2,"peru_mod:totora_bunch":1,"minecraft:iron_leggings":2,"minecraft:mossy_cobblestone_stairs":1,"minecraft:chainmail_leggings":4,"minecraft:string":49,"minecraft:bucket":1,"iceandfire:dragonscales_bronze":4,"minecraft:pink_tulip":3,"minecraft:kelp":34,"minecraft:blaze_rod":1,"minecraft:bowl":9,"iceandfire:dragonbone_sword_fire":1,"minecraft:iron_boots":1,"minecraft:stone_slab":10,"minecraft:name_tag":11,"minecraft:nether_bricks":33,"minecraft:oak_sign":1,"minecraft:flint_and_steel":1,"minecraft:suspicious_stew":1,"minecraft:potato":4,"minecraft:shield":4,"minecraft:diamond_chestplate":1,"minecraft:diamond_pickaxe":2,"minecraft:iron_chestplate":7,"minecraft:andesite":4,"minecraft:mossy_stone_bricks":75,"minecraft:golden_leggings":1,"minecraft:oak_boat":2,"minecraft:oak_sapling":1,"minecraft:spider_eye":4,"minecraft:stone_bricks":2,"minecraft:diamond_boots":3,"minecraft:bow":3,"minecraft:nautilus_shell":1},"minecraft:broken":{"minecraft:iron_shovel":1,"minecraft:diamond_helmet":3,"minecraft:iron_boots":1,"minecraft:iron_chestplate":1,"minecraft:iron_leggings":1,"minecraft:diamond_pickaxe":1,"iceandfire:tide_bronze_chestplate":1,"minecraft:iron_sword":1,"iceandfire:tide_bronze_boots":1,"minecraft:diamond_chestplate":1,"minecraft:diamond_leggings":1,"iceandfire:tide_teal_helmet":1,"iceandfire:tide_teal_leggings":1,"minecraft:iron_pickaxe":2,"minecraft:iron_helmet":2,"minecraft:golden_pickaxe":1}},"DataVersion":2586}