{"stats":{"minecraft:dropped":{"peru_mod:onion":6,"minecraft:arrow":2},"minecraft:picked_up":{"minecraft:birch_log":5,"iceandfire:pixie_dust":1,"minecraft:chicken":1,"minecraft:torch":6,"minecraft:oak_log":1,"peru_mod:onion":8,"minecraft:dirt":111,"minecraft:string":2,"minecraft:arrow":8,"minecraft:bone":7,"minecraft:rotten_flesh":2,"minecraft:stone_bricks":3,"minecraft:oak_boat":3,"peru_mod:papaya":2,"minecraft:oak_sapling":1,"minecraft:oak_planks":7},"minecraft:broken":{"minecraft:iron_shovel":1},"minecraft:custom":{"minecraft:time_since_rest":3485,"minecraft:interact_with_furnace":3,"minecraft:sprint_one_cm":72574,"minecraft:damage_taken":669,"minecraft:walk_one_cm":97399,"minecraft:mob_kills":9,"minecraft:drop":2,"minecraft:damage_dealt":1370,"minecraft:swim_one_cm":3402,"minecraft:fly_one_cm":116732,"minecraft:talked_to_villager":8,"minecraft:open_chest":1,"minecraft:crouch_one_cm":676,"minecraft:play_one_minute":51407,"minecraft:sneak_time":348,"minecraft:walk_under_water_one_cm":1042,"minecraft:boat_one_cm":104908,"minecraft:jump":645,"minecraft:interact_with_blast_furnace":2,"minecraft:leave_game":10,"minecraft:time_since_death":51407,"minecraft:walk_on_water_one_cm":3933,"minecraft:interact_with_smoker":5,"minecraft:sleep_in_bed":4,"minecraft:climb_one_cm":182,"minecraft:fall_one_cm":14113},"minecraft:killed":{"minecraft:skeleton":5,"minecraft:zombie":1,"minecraft:chicken":1,"minecraft:spider":1},"minecraft:used":{"minecraft:cooked_mutton":5,"minecraft:iron_shovel":102,"minecraft:birch_planks":4,"minecraft:oak_planks":4,"minecraft:iron_axe":9,"minecraft:baked_potato":2,"peru_mod:onion":6,"minecraft:iron_pickaxe":6,"minecraft:iron_sword":21,"peru_mod:papaya":2,"minecraft:stone_bricks":111,"minecraft:torch":25,"minecraft:dirt":43,"travelersbackpack:standard":3,"minecraft:oak_sapling":1,"iceandfire:pixie_jar_1":1,"minecraft:white_bed":1,"minecraft:oak_boat":3},"minecraft:mined":{"minecraft:birch_log":5,"peru_mod:onionplant":2,"peru_mod:amazonleaves":1,"peru_mod:papaya_bunch":1,"minecraft:torch":4,"minecraft:grass":3,"peru_mod:junglepodzol":6,"minecraft:grass_block":6,"minecraft:oak_log":1,"minecraft:dirt":100,"minecraft:tall_grass":1,"minecraft:stone_bricks":3,"minecraft:oak_planks":3,"minecraft:oak_leaves":18,"minecraft:wall_torch":1,"peru_mod:jungledirt":2,"minecraft:spawner":2},"minecraft:crafted":{"minecraft:oak_planks":4,"minecraft:stick":8,"minecraft:cooked_chicken":1,"minecraft:iron_shovel":1,"minecraft:white_bed":1,"minecraft:birch_planks":4,"minecraft:air":0}},"DataVersion":2586}