{"stats":{"minecraft:dropped":{"minecraft:iron_ingot":1,"minecraft:wheat_seeds":1,"peru_mod:onion":6,"minecraft:tnt":2,"minecraft:mossy_cobblestone":3,"minecraft:glass_bottle":2,"minecraft:prismarine_shard":2,"minecraft:feather":1,"minecraft:iron_helmet":3,"minecraft:prismarine_crystals":1,"iceandfire:ectoplasm":4,"minecraft:flint":1,"minecraft:dirt":2,"minecraft:snowball":5,"minecraft:iron_leggings":2,"minecraft:sand":7,"minecraft:iron_pickaxe":1,"peru_mod:arrozconpollo":1,"minecraft:string":19,"minecraft:dark_oak_planks":1,"minecraft:bucket":1,"minecraft:gravel":16,"minecraft:kelp":7,"minecraft:golden_chestplate":2,"minecraft:bowl":5,"minecraft:nether_bricks":9,"minecraft:suspicious_stew":1,"minecraft:chainmail_chestplate":1,"minecraft:tipped_arrow":6,"minecraft:shield":2,"minecraft:iron_chestplate":2,"minecraft:andesite":4,"minecraft:oak_boat":1,"minecraft:birch_door":2,"minecraft:chainmail_boots":1,"minecraft:spider_eye":4,"minecraft:stone_bricks":1,"minecraft:iron_bars":10,"minecraft:arrow":2,"minecraft:bow":1,"minecraft:nautilus_shell":1},"minecraft:custom":{"minecraft:mob_kills":164,"minecraft:leave_game":21,"minecraft:time_since_death":20340,"minecraft:climb_one_cm":8941,"minecraft:sprint_one_cm":544973,"minecraft:walk_one_cm":505643,"minecraft:damage_blocked_by_shield":510,"minecraft:drop":78,"minecraft:talked_to_villager":8,"minecraft:sneak_time":5205,"minecraft:deaths":8,"minecraft:walk_under_water_one_cm":164364,"minecraft:interact_with_lectern":1,"minecraft:boat_one_cm":1025445,"minecraft:jump":5087,"minecraft:interact_with_brewingstand":1,"minecraft:interact_with_blast_furnace":3,"minecraft:walk_on_water_one_cm":85237,"minecraft:enchant_item":1,"minecraft:interact_with_furnace":5,"minecraft:play_one_minute":285589,"minecraft:sleep_in_bed":14,"minecraft:time_since_rest":20539,"minecraft:damage_taken":8884,"minecraft:trigger_trapped_chest":3,"minecraft:damage_dealt":32277,"minecraft:swim_one_cm":346420,"minecraft:fly_one_cm":767126,"minecraft:crouch_one_cm":10529,"minecraft:open_chest":115,"minecraft:interact_with_smoker":8,"minecraft:fall_one_cm":99486},"minecraft:crafted":{"minecraft:oak_planks":4,"iceandfire:dragonbone_axe":1,"minecraft:coal":9,"minecraft:dark_oak_boat":1,"minecraft:cooked_chicken":1,"iceandfire:tide_bronze_boots":1,"minecraft:flint_and_steel":1,"minecraft:chest":2,"minecraft:birch_door":3,"iceandfire:dragonbone_sword":1,"minecraft:arrow":16,"minecraft:iron_helmet":1,"minecraft:bucket":1,"iceandfire:tide_bronze_chestplate":1,"minecraft:birch_planks":40,"minecraft:air":0,"minecraft:diamond_pickaxe":1,"iceandfire:tide_teal_leggings":1,"iceandfire:tide_teal_helmet":1,"minecraft:stick":36,"minecraft:iron_leggings":1,"minecraft:iron_shovel":1,"minecraft:gold_ingot":9,"minecraft:white_bed":1,"peru_mod:arrozconpollo":1,"minecraft:torch":84},"minecraft:used":{"minecraft:oak_fence":1,"iceandfire:silver_sword":53,"minecraft:iron_bars":2,"minecraft:iron_shovel":204,"minecraft:flint_and_steel":1,"iceandfire:dragon_skull_ice":1,"minecraft:chest":2,"minecraft:shield":11,"minecraft:iron_sword":229,"minecraft:cooked_chicken":2,"minecraft:netherrack":16,"simpletomb:grave_key":8,"minecraft:torch":132,"minecraft:dirt":181,"iceandfire:dragonbone_axe":98,"minecraft:obsidian":11,"minecraft:mossy_cobblestone_stairs":2,"minecraft:birch_door":1,"minecraft:lava_bucket":6,"minecraft:iron_axe":72,"minecraft:stone_brick_stairs":1,"minecraft:stone_bricks":115,"minecraft:golden_carrot":4,"minecraft:bow":31,"minecraft:dark_oak_boat":3,"minecraft:cooked_cod":7,"minecraft:oak_sapling":1,"iceandfire:pixie_jar_1":1,"minecraft:cooked_beef":20,"minecraft:orange_terracotta":1,"minecraft:cooked_mutton":14,"minecraft:water_bucket":2,"minecraft:diorite":4,"minecraft:mossy_stone_bricks":4,"minecraft:pink_tulip":1,"minecraft:birch_planks":4,"minecraft:baked_potato":9,"minecraft:oak_planks":4,"peru_mod:onion":12,"minecraft:sandstone":9,"minecraft:cracked_stone_bricks":1,"minecraft:rail":3,"minecraft:sand":5,"minecraft:white_bed":1,"minecraft:cornflower":1,"minecraft:diamond_pickaxe":9,"iceandfire:dragonbone_sword":109,"minecraft:diamond_shovel":11,"minecraft:iron_pickaxe":225,"minecraft:suspicious_stew":5,"minecraft:bread":27,"peru_mod:papaya":2,"minecraft:gravel":2,"minecraft:nether_wart_block":1,"minecraft:diamond_sword":51,"minecraft:coal_block":4,"minecraft:cobblestone":201,"minecraft:potion":3,"travelersbackpack:standard":11,"minecraft:cooked_rabbit":4,"minecraft:bucket":8,"minecraft:golden_pickaxe":99,"minecraft:oak_boat":6,"peru_mod:arrozconpollo":1},"minecraft:killed_by":{"iceandfire:cyclops":1,"minecraft:stray":2,"minecraft:creeper":1,"minecraft:drowned":1,"iceandfire:sea_serpent":1,"iceandfire:hippogryph":1},"minecraft:mined":{"minecraft:dark_oak_planks":6,"minecraft:mossy_cobblestone":9,"minecraft:jungle_leaves":2,"minecraft:obsidian":5,"minecraft:nether_bricks":7,"minecraft:grass_block":67,"minecraft:coal_block":8,"minecraft:spruce_leaves":2,"minecraft:kelp":3,"minecraft:sandstone":13,"minecraft:spawner":34,"minecraft:red_stained_glass_pane":2,"minecraft:large_fern":2,"minecraft:tall_seagrass":4,"minecraft:mossy_cobblestone_stairs":6,"iceandfire:copper_ore":2,"minecraft:snow":6,"minecraft:andesite":5,"minecraft:nether_brick_stairs":2,"peru_mod:papaya_bunch":1,"minecraft:nether_brick_fence":2,"minecraft:bookshelf":5,"minecraft:vine":2,"minecraft:iron_bars":16,"minecraft:rail":1,"minecraft:packed_ice":31,"peru_mod:amancae":2,"minecraft:stone":106,"minecraft:quartz_block":3,"minecraft:kelp_plant":5,"minecraft:orange_terracotta":1,"minecraft:torch":8,"minecraft:warped_roots":1,"minecraft:tall_grass":2,"minecraft:cobblestone":14,"minecraft:oak_planks":4,"minecraft:wall_torch":7,"minecraft:diorite":4,"minecraft:seagrass":1,"minecraft:white_terracotta":1,"peru_mod:cotton_plant":1,"minecraft:birch_log":12,"peru_mod:onionplant":6,"peru_mod:amazonleaves":1,"minecraft:stone_brick_stairs":3,"peru_mod:junglepodzol":6,"minecraft:grass":11,"minecraft:oak_log":1,"minecraft:gravel":14,"minecraft:sand":21,"minecraft:dirt":120,"peru_mod:riceplant":3,"minecraft:cracked_stone_bricks":2,"minecraft:stone_bricks":13,"minecraft:netherrack":22,"minecraft:mossy_stone_bricks":7,"minecraft:oak_leaves":23,"peru_mod:jungledirt":2},"minecraft:picked_up":{"minecraft:iron_chestplate":1,"minecraft:chicken":1,"minecraft:chainmail_boots":1,"iceandfire:witherbone":8,"minecraft:nether_brick_fence":1,"iceandfire:copper_ore":2,"minecraft:prismarine_shard":4,"minecraft:leather_leggings":1,"minecraft:stone_brick_stairs":2,"minecraft:shield":1,"peru_mod:onion":12,"minecraft:cornflower":1,"minecraft:string":16,"iceandfire:sea_serpent_scales_teal":10,"minecraft:iron_leggings":1,"iceandfire:sea_serpent_scales_bronze":5,"minecraft:cracked_stone_bricks":2,"minecraft:diamond_leggings":2,"minecraft:beef":12,"minecraft:oak_boat":5,"minecraft:iron_pickaxe":1,"minecraft:coal_block":9,"minecraft:chest":1,"minecraft:tipped_arrow":9,"iceandfire:pixie_dust":3,"minecraft:sandstone":9,"iceandfire:dragonbone":9,"minecraft:oak_fence":1,"minecraft:torch":55,"peru_mod:rice":3,"minecraft:porkchop":4,"minecraft:diorite":4,"minecraft:prismarine_crystals":1,"minecraft:golden_chestplate":2,"minecraft:dark_oak_planks":6,"iceandfire:dragon_skull_ice":1,"minecraft:quartz_block":3,"minecraft:arrow":56,"minecraft:rotten_flesh":46,"minecraft:nether_bricks":9,"minecraft:pink_tulip":1,"minecraft:obsidian":4,"minecraft:iron_bars":20,"minecraft:snowball":5,"minecraft:rail":3,"minecraft:cobblestone":122,"minecraft:nautilus_shell":1,"minecraft:birch_log":12,"minecraft:feather":8,"minecraft:cooked_beef":28,"iceandfire:sea_serpent_fang":17,"minecraft:andesite":4,"minecraft:leather":11,"minecraft:dark_oak_boat":2,"minecraft:golden_leggings":3,"minecraft:flint":1,"minecraft:oak_log":1,"minecraft:chainmail_chestplate":1,"minecraft:nether_wart_block":1,"minecraft:gunpowder":4,"minecraft:lapis_lazuli":6,"minecraft:dirt":187,"minecraft:orange_terracotta":1,"minecraft:leather_boots":1,"minecraft:bone":66,"minecraft:stone_bricks":11,"minecraft:kelp":7,"minecraft:bow":2,"minecraft:wheat_seeds":1,"minecraft:iron_ingot":1,"minecraft:mossy_stone_bricks":6,"minecraft:diamond_helmet":1,"minecraft:oak_planks":7,"minecraft:book":9,"minecraft:ghast_tear":1,"peru_mod:arrozconpollo":1,"minecraft:gravel":18,"iceandfire:shiny_scales":21,"minecraft:sand":19,"minecraft:nether_brick_stairs":2,"minecraft:spider_eye":5,"minecraft:mossy_cobblestone":9,"travelersbackpack:standard":1,"minecraft:chainmail_leggings":3,"minecraft:iron_helmet":2,"minecraft:mossy_cobblestone_stairs":5,"minecraft:chainmail_helmet":1,"minecraft:bread":35,"minecraft:warped_roots":2,"peru_mod:papaya":2,"minecraft:oak_sapling":1,"minecraft:netherrack":19,"minecraft:coal":5,"minecraft:ender_pearl":2},"minecraft:broken":{"minecraft:iron_shovel":1,"minecraft:diamond_helmet":1,"minecraft:iron_boots":1,"minecraft:iron_leggings":1,"minecraft:iron_sword":1,"minecraft:iron_helmet":1,"minecraft:golden_pickaxe":1},"minecraft:killed":{"iceandfire:hippogryph":3,"minecraft:cave_spider":2,"minecraft:spider":14,"minecraft:skeleton":37,"iceandfire:siren":1,"minecraft:chicken":1,"minecraft:silverfish":3,"minecraft:drowned":11,"iceandfire:hippocampus":5,"minecraft:piglin":1,"minecraft:pig":2,"minecraft:zombie":33,"iceandfire:ghost":3,"minecraft:stray":10,"minecraft:ghast":2,"minecraft:wither_skeleton":15,"iceandfire:sea_serpent":3,"minecraft:enderman":2,"minecraft:cow":7}},"DataVersion":2586}