{"stats":{"minecraft:picked_up":{"minecraft:birch_log":5,"minecraft:iron_chestplate":1,"minecraft:cooked_beef":28,"iceandfire:witherbone":3,"minecraft:chicken":1,"minecraft:oak_log":1,"peru_mod:onion":8,"minecraft:string":5,"minecraft:dirt":116,"minecraft:bone":29,"minecraft:stone_bricks":4,"minecraft:kelp":4,"minecraft:bow":1,"minecraft:cracked_stone_bricks":1,"minecraft:iron_ingot":1,"minecraft:oak_boat":5,"minecraft:oak_planks":7,"minecraft:tipped_arrow":3,"iceandfire:pixie_dust":1,"minecraft:torch":7,"minecraft:gravel":1,"minecraft:porkchop":4,"minecraft:mossy_cobblestone":1,"minecraft:arrow":22,"minecraft:rotten_flesh":9,"minecraft:bread":35,"peru_mod:papaya":2,"minecraft:oak_sapling":1,"minecraft:coal":2,"minecraft:iron_bars":3,"minecraft:cobblestone":4},"minecraft:crafted":{"minecraft:oak_planks":4,"minecraft:cooked_chicken":1,"iceandfire:tide_bronze_chestplate":1,"minecraft:birch_planks":12,"minecraft:air":0,"minecraft:stick":8,"minecraft:iron_shovel":1,"minecraft:birch_door":3,"minecraft:white_bed":1},"minecraft:custom":{"minecraft:interact_with_furnace":3,"minecraft:mob_kills":42,"minecraft:play_one_minute":88077,"minecraft:leave_game":11,"minecraft:time_since_death":17990,"minecraft:sleep_in_bed":5,"minecraft:climb_one_cm":182,"minecraft:time_since_rest":3716,"minecraft:sprint_one_cm":157244,"minecraft:damage_taken":2549,"minecraft:walk_one_cm":178231,"minecraft:damage_blocked_by_shield":300,"minecraft:drop":13,"minecraft:damage_dealt":6842,"minecraft:swim_one_cm":4334,"minecraft:talked_to_villager":8,"minecraft:fly_one_cm":204618,"minecraft:open_chest":21,"minecraft:crouch_one_cm":2064,"minecraft:deaths":1,"minecraft:sneak_time":823,"minecraft:walk_under_water_one_cm":1775,"minecraft:boat_one_cm":212192,"minecraft:interact_with_lectern":1,"minecraft:jump":1102,"minecraft:interact_with_brewingstand":1,"minecraft:interact_with_blast_furnace":2,"minecraft:walk_on_water_one_cm":7638,"minecraft:interact_with_smoker":5,"minecraft:fall_one_cm":20478},"minecraft:mined":{"minecraft:mossy_cobblestone":3,"minecraft:kelp_plant":1,"minecraft:torch":4,"minecraft:grass_block":6,"minecraft:tall_grass":1,"minecraft:kelp":2,"minecraft:oak_planks":3,"minecraft:wall_torch":2,"minecraft:spawner":7,"minecraft:seagrass":1,"minecraft:birch_log":5,"peru_mod:onionplant":2,"peru_mod:amazonleaves":1,"minecraft:stone_brick_stairs":1,"peru_mod:papaya_bunch":1,"minecraft:grass":3,"peru_mod:junglepodzol":6,"minecraft:oak_log":1,"minecraft:iron_bars":3,"minecraft:gravel":1,"minecraft:dirt":105,"minecraft:packed_ice":3,"minecraft:cracked_stone_bricks":1,"minecraft:stone":4,"minecraft:stone_bricks":6,"minecraft:mossy_stone_bricks":1,"minecraft:oak_leaves":19,"peru_mod:jungledirt":2},"minecraft:used":{"minecraft:cooked_mutton":14,"minecraft:iron_shovel":105,"minecraft:birch_planks":4,"minecraft:oak_planks":4,"minecraft:baked_potato":9,"peru_mod:onion":8,"minecraft:shield":7,"minecraft:iron_sword":139,"simpletomb:grave_key":1,"minecraft:cracked_stone_bricks":1,"minecraft:torch":55,"minecraft:dirt":93,"minecraft:white_bed":1,"minecraft:bread":1,"minecraft:iron_axe":12,"minecraft:iron_pickaxe":31,"peru_mod:papaya":2,"minecraft:stone_bricks":111,"minecraft:bow":4,"minecraft:potion":2,"travelersbackpack:standard":4,"minecraft:oak_sapling":1,"minecraft:cooked_rabbit":4,"iceandfire:pixie_jar_1":1,"minecraft:oak_boat":6},"minecraft:killed":{"minecraft:pig":2,"minecraft:spider":4,"minecraft:skeleton":15,"minecraft:zombie":6,"minecraft:chicken":1,"minecraft:stray":3,"minecraft:silverfish":3,"minecraft:wither_skeleton":7},"minecraft:broken":{"minecraft:iron_shovel":1},"minecraft:killed_by":{"minecraft:stray":1},"minecraft:dropped":{"minecraft:gravel":1,"minecraft:iron_ingot":1,"peru_mod:onion":6,"minecraft:glass_bottle":1,"minecraft:mossy_cobblestone":1,"minecraft:tipped_arrow":3,"minecraft:shield":1,"minecraft:iron_chestplate":1,"minecraft:oak_boat":1,"minecraft:stone_bricks":1,"minecraft:arrow":2}},"DataVersion":2586}