{"stats":{"minecraft:crafted":{"minecraft:coal":9,"minecraft:oak_planks":4,"iceandfire:dragonbone_axe":1,"minecraft:dark_oak_boat":1,"minecraft:cooked_chicken":1,"iceandfire:tide_bronze_boots":1,"minecraft:chest":2,"minecraft:birch_door":3,"iceandfire:dragonbone_sword":1,"minecraft:arrow":16,"minecraft:iron_helmet":1,"iceandfire:tide_bronze_chestplate":1,"minecraft:birch_planks":40,"minecraft:air":0,"iceandfire:tide_teal_helmet":1,"iceandfire:tide_teal_leggings":1,"minecraft:stick":36,"minecraft:gold_ingot":9,"minecraft:iron_leggings":1,"minecraft:iron_shovel":1,"minecraft:white_bed":1,"peru_mod:arrozconpollo":1,"minecraft:torch":84},"minecraft:broken":{"minecraft:iron_shovel":1,"minecraft:iron_boots":1,"minecraft:iron_leggings":1,"minecraft:iron_sword":1,"minecraft:iron_helmet":1,"minecraft:golden_pickaxe":1},"minecraft:killed":{"minecraft:cave_spider":2,"iceandfire:hippogryph":3,"minecraft:spider":13,"minecraft:skeleton":37,"iceandfire:siren":1,"minecraft:chicken":1,"minecraft:silverfish":3,"minecraft:drowned":11,"iceandfire:hippocampus":5,"minecraft:pig":2,"minecraft:zombie":27,"iceandfire:ghost":3,"minecraft:stray":6,"minecraft:wither_skeleton":15,"iceandfire:sea_serpent":3,"minecraft:cow":7},"minecraft:dropped":{"minecraft:iron_ingot":1,"minecraft:wheat_seeds":1,"peru_mod:onion":6,"minecraft:tnt":2,"minecraft:mossy_cobblestone":3,"minecraft:glass_bottle":1,"minecraft:prismarine_shard":2,"minecraft:feather":1,"minecraft:iron_helmet":3,"minecraft:prismarine_crystals":1,"iceandfire:ectoplasm":4,"minecraft:flint":1,"minecraft:dirt":2,"minecraft:snowball":5,"minecraft:iron_leggings":1,"minecraft:sand":7,"peru_mod:arrozconpollo":1,"minecraft:string":19,"minecraft:dark_oak_planks":1,"minecraft:bucket":1,"minecraft:gravel":1,"minecraft:kelp":7,"minecraft:golden_chestplate":2,"minecraft:bowl":5,"minecraft:nether_bricks":9,"minecraft:suspicious_stew":1,"minecraft:tipped_arrow":4,"minecraft:shield":2,"minecraft:iron_chestplate":2,"minecraft:andesite":4,"minecraft:oak_boat":1,"minecraft:birch_door":2,"minecraft:spider_eye":4,"minecraft:stone_bricks":1,"minecraft:iron_bars":10,"minecraft:arrow":2,"minecraft:bow":1,"minecraft:nautilus_shell":1},"minecraft:picked_up":{"minecraft:iron_chestplate":1,"minecraft:nether_brick_fence":1,"iceandfire:witherbone":5,"minecraft:chicken":1,"iceandfire:copper_ore":2,"minecraft:prismarine_shard":4,"minecraft:leather_leggings":1,"minecraft:stone_brick_stairs":2,"minecraft:shield":1,"peru_mod:onion":12,"minecraft:cornflower":1,"minecraft:string":16,"iceandfire:sea_serpent_scales_teal":10,"iceandfire:sea_serpent_scales_bronze":5,"minecraft:cracked_stone_bricks":2,"minecraft:beef":12,"minecraft:oak_boat":5,"minecraft:coal_block":6,"minecraft:tipped_arrow":7,"iceandfire:pixie_dust":3,"iceandfire:dragonbone":9,"minecraft:sandstone":9,"minecraft:oak_fence":1,"minecraft:torch":18,"peru_mod:rice":3,"minecraft:porkchop":4,"minecraft:diorite":4,"minecraft:golden_chestplate":2,"minecraft:prismarine_crystals":1,"minecraft:dark_oak_planks":6,"iceandfire:dragon_skull_ice":1,"minecraft:quartz_block":3,"minecraft:arrow":53,"minecraft:rotten_flesh":39,"minecraft:nether_bricks":9,"minecraft:pink_tulip":1,"minecraft:iron_bars":20,"minecraft:snowball":5,"minecraft:rail":3,"minecraft:cobblestone":115,"minecraft:nautilus_shell":1,"minecraft:birch_log":12,"minecraft:feather":5,"minecraft:cooked_beef":28,"iceandfire:sea_serpent_fang":17,"minecraft:andesite":4,"minecraft:golden_leggings":3,"minecraft:leather":11,"minecraft:dark_oak_boat":2,"minecraft:oak_log":1,"minecraft:nether_wart_block":1,"minecraft:gunpowder":2,"minecraft:dirt":187,"minecraft:orange_terracotta":1,"minecraft:leather_boots":1,"minecraft:bone":64,"minecraft:stone_bricks":11,"minecraft:kelp":7,"minecraft:bow":2,"minecraft:wheat_seeds":1,"minecraft:iron_ingot":1,"minecraft:mossy_stone_bricks":6,"minecraft:diamond_helmet":1,"minecraft:oak_planks":7,"minecraft:book":9,"peru_mod:arrozconpollo":1,"minecraft:gravel":3,"iceandfire:shiny_scales":21,"minecraft:sand":19,"minecraft:nether_brick_stairs":2,"minecraft:spider_eye":5,"minecraft:mossy_cobblestone":9,"travelersbackpack:standard":1,"minecraft:chainmail_leggings":3,"minecraft:iron_helmet":2,"minecraft:mossy_cobblestone_stairs":5,"minecraft:chainmail_helmet":1,"minecraft:bread":35,"minecraft:netherrack":1,"peru_mod:papaya":2,"minecraft:oak_sapling":1,"minecraft:coal":5},"minecraft:custom":{"minecraft:mob_kills":148,"minecraft:leave_game":16,"minecraft:time_since_death":13086,"minecraft:climb_one_cm":8724,"minecraft:sprint_one_cm":486204,"minecraft:walk_one_cm":444029,"minecraft:damage_blocked_by_shield":510,"minecraft:drop":63,"minecraft:talked_to_villager":8,"minecraft:sneak_time":3665,"minecraft:deaths":7,"minecraft:walk_under_water_one_cm":164182,"minecraft:boat_one_cm":1025445,"minecraft:interact_with_lectern":1,"minecraft:jump":4466,"minecraft:interact_with_brewingstand":1,"minecraft:interact_with_blast_furnace":3,"minecraft:walk_on_water_one_cm":83240,"minecraft:enchant_item":1,"minecraft:interact_with_furnace":5,"minecraft:play_one_minute":262295,"minecraft:sleep_in_bed":14,"minecraft:time_since_rest":13122,"minecraft:damage_taken":7698,"minecraft:trigger_trapped_chest":3,"minecraft:damage_dealt":28886,"minecraft:swim_one_cm":344608,"minecraft:fly_one_cm":682074,"minecraft:crouch_one_cm":7051,"minecraft:open_chest":98,"minecraft:interact_with_smoker":8,"minecraft:fall_one_cm":86944},"minecraft:killed_by":{"iceandfire:cyclops":1,"minecraft:stray":1,"minecraft:creeper":1,"minecraft:drowned":1,"iceandfire:sea_serpent":1,"iceandfire:hippogryph":1},"minecraft:used":{"minecraft:oak_fence":1,"minecraft:iron_bars":2,"minecraft:iron_shovel":204,"iceandfire:silver_sword":53,"iceandfire:dragon_skull_ice":1,"minecraft:chest":2,"minecraft:shield":11,"minecraft:iron_sword":229,"minecraft:netherrack":1,"simpletomb:grave_key":7,"minecraft:torch":124,"minecraft:dirt":181,"iceandfire:dragonbone_axe":82,"minecraft:mossy_cobblestone_stairs":2,"minecraft:birch_door":1,"minecraft:iron_axe":72,"minecraft:stone_brick_stairs":1,"minecraft:stone_bricks":115,"minecraft:golden_carrot":3,"minecraft:bow":27,"minecraft:dark_oak_boat":3,"minecraft:cooked_cod":7,"minecraft:oak_sapling":1,"iceandfire:pixie_jar_1":1,"minecraft:cooked_beef":15,"minecraft:orange_terracotta":1,"minecraft:cooked_mutton":14,"minecraft:mossy_stone_bricks":4,"minecraft:diorite":4,"minecraft:pink_tulip":1,"minecraft:birch_planks":4,"minecraft:baked_potato":9,"minecraft:oak_planks":4,"peru_mod:onion":12,"minecraft:sandstone":9,"minecraft:cracked_stone_bricks":1,"minecraft:rail":3,"minecraft:sand":5,"minecraft:white_bed":1,"iceandfire:dragonbone_sword":109,"minecraft:cornflower":1,"minecraft:diamond_shovel":1,"minecraft:suspicious_stew":5,"minecraft:iron_pickaxe":186,"minecraft:bread":27,"minecraft:gravel":2,"peru_mod:papaya":2,"minecraft:nether_wart_block":1,"minecraft:cobblestone":171,"minecraft:potion":2,"travelersbackpack:standard":11,"minecraft:cooked_rabbit":4,"minecraft:oak_boat":6,"minecraft:golden_pickaxe":99,"peru_mod:arrozconpollo":1},"minecraft:mined":{"minecraft:dark_oak_planks":6,"minecraft:mossy_cobblestone":9,"minecraft:jungle_leaves":2,"minecraft:nether_bricks":6,"minecraft:grass_block":66,"minecraft:coal_block":5,"minecraft:spruce_leaves":2,"minecraft:kelp":3,"minecraft:sandstone":13,"minecraft:red_stained_glass_pane":2,"minecraft:spawner":26,"minecraft:large_fern":2,"minecraft:tall_seagrass":4,"iceandfire:copper_ore":2,"minecraft:mossy_cobblestone_stairs":6,"minecraft:snow":6,"minecraft:andesite":5,"minecraft:nether_brick_stairs":2,"peru_mod:papaya_bunch":1,"minecraft:nether_brick_fence":2,"minecraft:bookshelf":5,"minecraft:vine":2,"minecraft:rail":1,"minecraft:iron_bars":16,"minecraft:packed_ice":31,"peru_mod:amancae":2,"minecraft:stone":105,"minecraft:quartz_block":3,"minecraft:kelp_plant":5,"minecraft:orange_terracotta":1,"minecraft:torch":7,"minecraft:cobblestone":9,"minecraft:tall_grass":2,"minecraft:oak_planks":4,"minecraft:diorite":4,"minecraft:wall_torch":7,"minecraft:seagrass":1,"minecraft:white_terracotta":1,"peru_mod:cotton_plant":1,"minecraft:birch_log":12,"peru_mod:onionplant":6,"peru_mod:amazonleaves":1,"minecraft:stone_brick_stairs":3,"minecraft:grass":11,"peru_mod:junglepodzol":6,"minecraft:oak_log":1,"minecraft:gravel":4,"minecraft:sand":21,"minecraft:dirt":120,"peru_mod:riceplant":3,"minecraft:cracked_stone_bricks":2,"minecraft:stone_bricks":13,"minecraft:netherrack":1,"minecraft:mossy_stone_bricks":7,"minecraft:oak_leaves":23,"peru_mod:jungledirt":2}},"DataVersion":2586}