{"stats":{"minecraft:picked_up":{"minecraft:diamond_boots":1,"iceandfire:dragon_skull_fire":2,"minecraft:coal_block":1,"minecraft:dirt":8,"minecraft:diamond_pickaxe":1},"minecraft:mined":{"minecraft:grass_block":6,"minecraft:coal_block":1},"minecraft:used":{"minecraft:diamond_pickaxe":2,"minecraft:coal_block":1,"iceandfire:dragon_skull_fire":2},"minecraft:killed_by":{"minecraft:player":1},"minecraft:custom":{"minecraft:time_since_rest":10112,"minecraft:play_one_minute":11232,"minecraft:crouch_one_cm":13239,"minecraft:sprint_one_cm":6531,"minecraft:walk_one_cm":13262,"minecraft:damage_taken":342,"minecraft:deaths":1,"minecraft:sneak_time":1178,"minecraft:drop":8,"minecraft:jump":200,"minecraft:damage_dealt":55,"minecraft:time_since_death":10082,"minecraft:fall_one_cm":6197,"minecraft:fly_one_cm":13661},"minecraft:dropped":{"minecraft:dirt":8}},"DataVersion":2586}