{
  "peru_mod:peru_mod_ad": {
    "criteria": {
      "peru_mod_ad": "2024-11-12 19:01:23 +0000"
    },
    "done": true
  },
  "iceandfire:iceandfire/root": {
    "criteria": {
      "tick": "2024-11-12 19:01:23 +0000"
    },
    "done": true
  },
  "minecraft:recipes/misc/coal": {
    "criteria": {
      "has_coal_block": "2024-11-12 19:09:37 +0000"
    },
    "done": true
  },
  "minecraft:story/shiny_gear": {
    "criteria": {
      "diamond_boots": "2024-11-12 19:06:12 +0000"
    },
    "done": true
  },
  "minecraft:adventure/root": {
    "criteria": {
      "killed_by_something": "2024-11-12 19:02:19 +0000"
    },
    "done": true
  },
  "minecraft:adventure/adventuring_time": {
    "criteria": {
      "minecraft:forest": "2024-11-12 19:01:23 +0000",
      "minecraft:plains": "2024-11-12 19:09:08 +0000"
    },
    "done": false
  },
  "DataVersion": 2586
}